time,index,x,y,z
0:00:00.123089,0,0.7241983413696289,0.7303861379623413,1.1159794155446434e-07 
0:00:00.123089,1,0.7202789187431335,0.6700259447097778,-0.012341447174549103 
0:00:00.123089,2,0.6824151277542114,0.6321473121643066,-0.021091515198349953 
0:00:00.123089,3,0.6430305242538452,0.629435658454895,-0.025738799944519997 
0:00:00.123089,4,0.6154231429100037,0.6379377245903015,-0.03032023459672928 
0:00:00.123089,5,0.6844705939292908,0.6635158658027649,-0.04022514447569847 
0:00:00.123089,6,0.628502368927002,0.635378360748291,-0.04971303790807724 
0:00:00.123089,7,0.5988001823425293,0.6187594532966614,-0.05150418356060982 
0:00:00.123089,8,0.5752938389778137,0.6087756156921387,-0.0524616613984108 
0:00:00.123089,9,0.6727331876754761,0.6999868750572205,-0.03786575421690941 
0:00:00.123089,10,0.6247788667678833,0.6579771637916565,-0.048517171293497086 
0:00:00.123089,11,0.6388379335403442,0.6485139727592468,-0.04558182507753372 
0:00:00.123089,12,0.6570590138435364,0.6573843955993652,-0.042589087039232254 
0:00:00.123089,13,0.663505494594574,0.7269157767295837,-0.03399190306663513 
0:00:00.123089,14,0.6217923760414124,0.6801865100860596,-0.039627376943826675 
0:00:00.123089,15,0.6369443535804749,0.672995388507843,-0.03037656657397747 
0:00:00.123089,16,0.6516854763031006,0.6827681660652161,-0.024000568315386772 
0:00:00.123089,17,0.6551656126976013,0.7439423203468323,-0.03094247356057167 
0:00:00.123089,18,0.6225916743278503,0.7026688456535339,-0.03340141102671623 
0:00:00.123089,19,0.6337245106697083,0.6938697099685669,-0.027101606130599976 
0:00:00.123089,20,0.6449599266052246,0.7024857997894287,-0.02318478748202324 
0:00:00.232353,0,0.7241604328155518,0.7297347784042358,1.4464841058270395e-07 
0:00:00.232353,1,0.7182896733283997,0.6717638969421387,-0.012648018077015877 
0:00:00.232353,2,0.6805618405342102,0.63313889503479,-0.02057681418955326 
0:00:00.232353,3,0.6436179280281067,0.6270133256912231,-0.024488233029842377 
0:00:00.232353,4,0.6171514987945557,0.6370774507522583,-0.028274791315197945 
0:00:00.232353,5,0.6842176914215088,0.6584742665290833,-0.04161838814616203 
0:00:00.232353,6,0.6273810267448425,0.6346103549003601,-0.050520725548267365 
0:00:00.232353,7,0.596648097038269,0.6201258301734924,-0.05076572671532631 
0:00:00.232353,8,0.5727757811546326,0.6108047366142273,-0.05036313459277153 
0:00:00.232353,9,0.6735864281654358,0.6964291930198669,-0.03845049813389778 
0:00:00.232353,10,0.6257944703102112,0.6575170159339905,-0.04950399696826935 
0:00:00.232353,11,0.6365521550178528,0.6471903324127197,-0.0458129346370697 
0:00:00.232353,12,0.653302788734436,0.6540526151657104,-0.0418158695101738 
0:00:00.232353,13,0.6646177172660828,0.7240296006202698,-0.03359212726354599 
0:00:00.232353,14,0.6219170093536377,0.680059015750885,-0.03950601443648338 
0:00:00.232353,15,0.6354517936706543,0.671869158744812,-0.030095908790826797 
0:00:00.232353,16,0.6506350040435791,0.6794876456260681,-0.023480460047721863 
0:00:00.232353,17,0.6561481952667236,0.7408164739608765,-0.02950475551187992 
0:00:00.232353,18,0.6230080723762512,0.7001211047172546,-0.03212689980864525 
0:00:00.232353,19,0.6336457133293152,0.691556453704834,-0.026018237695097923 
0:00:00.232353,20,0.6456777453422546,0.6991927027702332,-0.022030888125300407 
0:00:00.296383,0,0.7233044505119324,0.7291465401649475,1.495873789281177e-07 
0:00:00.296383,1,0.7180589437484741,0.6715723872184753,-0.013172552920877934 
0:00:00.296383,2,0.6805142164230347,0.6342613697052002,-0.02212819829583168 
0:00:00.296383,3,0.6419963836669922,0.6298260688781738,-0.02687855437397957 
0:00:00.296383,4,0.6147370338439941,0.641581118106842,-0.03151322528719902 
0:00:00.296383,5,0.6852524876594543,0.6577950716018677,-0.04334806650876999 
0:00:00.296383,6,0.6281411647796631,0.6322005391120911,-0.05297215282917023 
0:00:00.296383,7,0.5979958176612854,0.618712306022644,-0.05369145795702934 
0:00:00.296383,8,0.5738967061042786,0.6110936403274536,-0.05366609990596771 
0:00:00.296383,9,0.6739495992660522,0.6955962777137756,-0.040015317499637604 
0:00:00.296383,10,0.6249424815177917,0.6557936668395996,-0.05128343403339386 
0:00:00.296383,11,0.6352825164794922,0.6449660062789917,-0.04779813811182976 
0:00:00.296383,12,0.6508970856666565,0.6512084603309631,-0.044130127876996994 
0:00:00.296383,13,0.6642948389053345,0.723534882068634,-0.03491432964801788 
0:00:00.296383,14,0.6209881901741028,0.679417073726654,-0.04043859243392944 
0:00:00.296383,15,0.6339476704597473,0.6705901026725769,-0.03065415471792221 
0:00:00.296383,16,0.6484763026237488,0.6779578328132629,-0.023951824754476547 
0:00:00.296383,17,0.6553483009338379,0.7408904433250427,-0.03066735900938511 
0:00:00.296383,18,0.6226108074188232,0.7008858323097229,-0.03281835466623306 
0:00:00.296383,19,0.6325412392616272,0.6913371086120605,-0.02653169259428978 
0:00:00.296383,20,0.6437471508979797,0.6982699632644653,-0.022515032440423965 
0:00:00.350815,0,0.7231701612472534,0.7298359870910645,1.4463428499311703e-07 
0:00:00.350815,1,0.7188532948493958,0.6718765497207642,-0.013575986959040165 
0:00:00.350815,2,0.6810222268104553,0.63368159532547,-0.0222806166857481 
0:00:00.350815,3,0.6426697373390198,0.6288953423500061,-0.026606589555740356 
0:00:00.350815,4,0.6157940030097961,0.6405932903289795,-0.030749263241887093 
0:00:00.350815,5,0.6850913763046265,0.6582822799682617,-0.04356633126735687 
0:00:00.350815,6,0.6281889081001282,0.6324687004089355,-0.05292367562651634 
0:00:00.350815,7,0.5981079936027527,0.6189337968826294,-0.05339863896369934 
0:00:00.350815,8,0.5741391181945801,0.6112443208694458,-0.053226109594106674 
0:00:00.350815,9,0.6736041307449341,0.6963587403297424,-0.039910390973091125 
0:00:00.350815,10,0.6248689293861389,0.6559343338012695,-0.050875693559646606 
0:00:00.350815,11,0.6356092691421509,0.6449929475784302,-0.04711909219622612 
0:00:00.350815,12,0.6513904333114624,0.6513720750808716,-0.04329860210418701 
0:00:00.350815,13,0.6638544201850891,0.7241532802581787,-0.03453633561730385 
0:00:00.350815,14,0.6210195422172546,0.6791533827781677,-0.040116745978593826 
0:00:00.350815,15,0.634630560874939,0.6706790328025818,-0.030476052314043045 
0:00:00.350815,16,0.6491522789001465,0.6783119440078735,-0.023856714367866516 
0:00:00.350815,17,0.6548960208892822,0.7411324977874756,-0.030032597482204437 
0:00:00.350815,18,0.6227757930755615,0.6999661922454834,-0.03233649581670761 
0:00:00.350815,19,0.6332477927207947,0.6910008192062378,-0.026236535981297493 
0:00:00.350815,20,0.6444587111473083,0.6984544992446899,-0.022397182881832123 
0:00:00.408233,0,0.7236892580986023,0.7287294268608093,1.4532793102262076e-07 
0:00:00.408233,1,0.7187795639038086,0.6696673035621643,-0.013804459944367409 
0:00:00.408233,2,0.6806281805038452,0.6320021152496338,-0.022278066724538803 
0:00:00.408233,3,0.6427508592605591,0.62784343957901,-0.026266587898135185 
0:00:00.408233,4,0.616104006767273,0.6392305493354797,-0.03015911392867565 
0:00:00.408233,5,0.6842194199562073,0.6572233438491821,-0.04391170293092728 
0:00:00.408233,6,0.628398060798645,0.6318668127059937,-0.053467608988285065 
0:00:00.408233,7,0.5981470346450806,0.6179456114768982,-0.0542428195476532 
0:00:00.408233,8,0.5738625526428223,0.609695315361023,-0.05428844690322876 
0:00:00.408233,9,0.6728611588478088,0.695298969745636,-0.040057141333818436 
0:00:00.408233,10,0.6253070831298828,0.6548612117767334,-0.05093386396765709 
0:00:00.408233,11,0.6362748742103577,0.6438721418380737,-0.04722920060157776 
0:00:00.408233,12,0.6522008776664734,0.6499871611595154,-0.04347916319966316 
0:00:00.408233,13,0.6634182929992676,0.7232137322425842,-0.03451031073927879 
0:00:00.408233,14,0.6212460994720459,0.678240180015564,-0.0400996059179306 
0:00:00.408233,15,0.6348446607589722,0.669458270072937,-0.030625995248556137 
0:00:00.408233,16,0.6494899988174438,0.6768763661384583,-0.02405683510005474 
0:00:00.408233,17,0.6549680829048157,0.7405937314033508,-0.029870688915252686 
0:00:00.408233,18,0.6226790547370911,0.6996976733207703,-0.03232938423752785 
0:00:00.408233,19,0.6327518224716187,0.6895611882209778,-0.026478249579668045 
0:00:00.408233,20,0.643847644329071,0.6961638331413269,-0.022745443508028984 
0:00:00.486625,0,0.7232513427734375,0.7285935282707214,1.5000975395196292e-07 
0:00:00.486625,1,0.7185788154602051,0.6704756617546082,-0.01378178596496582 
0:00:00.486625,2,0.6807395219802856,0.6323344707489014,-0.022421102970838547 
0:00:00.486625,3,0.6425856947898865,0.627233624458313,-0.02659926377236843 
0:00:00.486625,4,0.616081714630127,0.6393160223960876,-0.030691111460328102 
0:00:00.486625,5,0.684317946434021,0.6569709181785583,-0.043993573635816574 
0:00:00.486625,6,0.6284000277519226,0.6317631006240845,-0.05357892066240311 
0:00:00.486625,7,0.5981719493865967,0.6178979277610779,-0.054355181753635406 
0:00:00.486625,8,0.5738607048988342,0.6097145676612854,-0.05438085272908211 
0:00:00.486625,9,0.6729118824005127,0.6951785683631897,-0.04012168198823929 
0:00:00.486625,10,0.6247726678848267,0.654854953289032,-0.05126528441905975 
0:00:00.486625,11,0.6355178952217102,0.6436672806739807,-0.04773583635687828 
0:00:00.486625,12,0.6514162421226501,0.6494844555854797,-0.04397748038172722 
0:00:00.486625,13,0.6633400321006775,0.7230116128921509,-0.034476347267627716 
0:00:00.486625,14,0.6209587454795837,0.6781744956970215,-0.040090180933475494 
0:00:00.486625,15,0.6342889070510864,0.6695306897163391,-0.03053899295628071 
0:00:00.486625,16,0.6488953232765198,0.6768711805343628,-0.02387678623199463 
0:00:00.486625,17,0.6547582745552063,0.740203320980072,-0.02974002994596958 
0:00:00.486625,18,0.6228609681129456,0.6994173526763916,-0.03204889968037605 
0:00:00.486625,19,0.6327801942825317,0.6898543834686279,-0.02609877474606037 
0:00:00.486625,20,0.6436933279037476,0.6965101957321167,-0.022282883524894714 
0:00:00.559189,0,0.7227500081062317,0.7275391221046448,1.493650927386625e-07 
0:00:00.559189,1,0.7179170846939087,0.6695898771286011,-0.01369696669280529 
0:00:00.559189,2,0.6798902750015259,0.6314950585365295,-0.02243867516517639 
0:00:00.559189,3,0.6416593194007874,0.6271334290504456,-0.02670375071465969 
0:00:00.559189,4,0.6154592633247375,0.6405135989189148,-0.030879124999046326 
0:00:00.559189,5,0.6841421127319336,0.6568633317947388,-0.04398401826620102 
0:00:00.559189,6,0.6282901763916016,0.6313933730125427,-0.05380630120635033 
0:00:00.559189,7,0.5978013873100281,0.617393970489502,-0.05474275350570679 
0:00:00.559189,8,0.5732802748680115,0.6092252731323242,-0.054887861013412476 
0:00:00.559189,9,0.6725987792015076,0.6950086951255798,-0.04026651009917259 
0:00:00.559189,10,0.6241761445999146,0.6548404693603516,-0.05156051740050316 
0:00:00.559189,11,0.6354527473449707,0.6441223621368408,-0.04791489988565445 
0:00:00.559189,12,0.6516390442848206,0.650285005569458,-0.04407474026083946 
0:00:00.559189,13,0.663009524345398,0.7227001190185547,-0.034795958548784256 
0:00:00.559189,14,0.620411217212677,0.678014874458313,-0.04066396877169609 
0:00:00.559189,15,0.6340910792350769,0.6697775721549988,-0.03095044195652008 
0:00:00.559189,16,0.6488348245620728,0.6774353384971619,-0.02416767179965973 
0:00:00.559189,17,0.6544562578201294,0.739663302898407,-0.030206508934497833 
0:00:00.559189,18,0.622279703617096,0.6985759735107422,-0.032598040997982025 
0:00:00.559189,19,0.6328538060188293,0.6897977590560913,-0.026391899213194847 
0:00:00.559189,20,0.6441856026649475,0.6973631381988525,-0.022434052079916 
0:00:00.630741,0,0.7224075198173523,0.7279894351959229,1.4303961393125064e-07 
0:00:00.630741,1,0.7179988026618958,0.6700374484062195,-0.013613692484796047 
0:00:00.630741,2,0.6796810626983643,0.6319239735603333,-0.022149519994854927 
0:00:00.630741,3,0.6411205530166626,0.6277174353599548,-0.02616272307932377 
0:00:00.630741,4,0.6149916648864746,0.6411769986152649,-0.030115580186247826 
0:00:00.630741,5,0.684066116809845,0.6565333604812622,-0.04401251673698425 
0:00:00.630741,6,0.6279951333999634,0.6312710642814636,-0.05366521328687668 
0:00:00.630741,7,0.5975859761238098,0.6173125505447388,-0.05443066358566284 
0:00:00.630741,8,0.573213517665863,0.6090290546417236,-0.05451546981930733 
0:00:00.630741,9,0.6724725365638733,0.6946883201599121,-0.040260519832372665 
0:00:00.630741,10,0.624352216720581,0.6549752950668335,-0.05127520486712456 
0:00:00.630741,11,0.6355844736099243,0.6445537209510803,-0.047369297593832016 
0:00:00.630741,12,0.6515759825706482,0.6507294178009033,-0.043501246720552444 
0:00:00.630741,13,0.6629103422164917,0.7224332690238953,-0.03476652875542641 
0:00:00.630741,14,0.6204618811607361,0.6785261034965515,-0.04046322777867317 
0:00:00.630741,15,0.6341720223426819,0.6702693104743958,-0.030656296759843826 
0:00:00.630741,16,0.6489822268486023,0.677780270576477,-0.023961801081895828 
0:00:00.630741,17,0.6544015407562256,0.7395232915878296,-0.0301465205848217 
0:00:00.630741,18,0.6223378777503967,0.6989017128944397,-0.03259984403848648 
0:00:00.630741,19,0.632915735244751,0.6902891993522644,-0.026477836072444916 
0:00:00.630741,20,0.6442198157310486,0.6979604959487915,-0.02265358157455921 
0:00:00.709164,0,0.7212017774581909,0.7286902666091919,1.4183591190430889e-07 
0:00:00.709164,1,0.7154514789581299,0.6707911491394043,-0.01422715000808239 
0:00:00.709164,2,0.6767624020576477,0.6354754567146301,-0.02287200652062893 
0:00:00.709164,3,0.6377315521240234,0.6341724991798401,-0.02708514593541622 
0:00:00.709164,4,0.6110167503356934,0.647451639175415,-0.031091544777154922 
0:00:00.709164,5,0.6829255819320679,0.6585010886192322,-0.04134588688611984 
0:00:00.709164,6,0.6266518235206604,0.6340370774269104,-0.050756294280290604 
0:00:00.709164,7,0.5953606963157654,0.6203719973564148,-0.05167359486222267 
0:00:00.709164,8,0.5703365206718445,0.6126254796981812,-0.05195673555135727 
0:00:00.709164,9,0.6710363626480103,0.6965052485466003,-0.037543244659900665 
0:00:00.709164,10,0.6223257780075073,0.6571431159973145,-0.049162186682224274 
0:00:00.709164,11,0.6341944336891174,0.6482165455818176,-0.04597744345664978 
0:00:00.709164,12,0.6510555744171143,0.6566711664199829,-0.04211226478219032 
0:00:00.709164,13,0.6611725091934204,0.7242247462272644,-0.03224838152527809 
0:00:00.709164,14,0.6186962127685547,0.6805224418640137,-0.038636527955532074 
0:00:00.709164,15,0.6328634023666382,0.6731220483779907,-0.029323222115635872 
0:00:00.709164,16,0.6476484537124634,0.6820175647735596,-0.022496577352285385 
0:00:00.709164,17,0.6521825790405273,0.7414451241493225,-0.027872715145349503 
0:00:00.709164,18,0.6206572651863098,0.7014771103858948,-0.030884424224495888 
0:00:00.709164,19,0.6320624351501465,0.6930164694786072,-0.025046752765774727 
0:00:00.709164,20,0.6434579491615295,0.7014934420585632,-0.02109636180102825 
0:00:00.781510,0,0.7210410237312317,0.7292185425758362,1.4075712329031376e-07 
0:00:00.781510,1,0.7165793180465698,0.6711186766624451,-0.013839390128850937 
0:00:00.781510,2,0.6778902411460876,0.6333914399147034,-0.021991455927491188 
0:00:00.781510,3,0.639721691608429,0.6302855014801025,-0.02561388723552227 
0:00:00.781510,4,0.6137478351593018,0.6442980170249939,-0.02907285839319229 
0:00:00.781510,5,0.6817380785942078,0.6591575741767883,-0.0427437387406826 
0:00:00.781510,6,0.625140905380249,0.6344239711761475,-0.05189179256558418 
0:00:00.781510,7,0.5946587920188904,0.620290994644165,-0.05240069329738617 
0:00:00.781510,8,0.570601224899292,0.6117656230926514,-0.05232713371515274 
0:00:00.781510,9,0.6701123714447021,0.6977666020393372,-0.03876195847988129 
0:00:00.781510,10,0.6224936246871948,0.6580513119697571,-0.04948296397924423 
0:00:00.781510,11,0.6341608166694641,0.6483197212219238,-0.045606959611177444 
0:00:00.781510,12,0.6506280899047852,0.6556271910667419,-0.04171416908502579 
0:00:00.781510,13,0.6606369614601135,0.7255680561065674,-0.033163782209157944 
0:00:00.781510,14,0.618532657623291,0.6818009614944458,-0.03879237920045853 
0:00:00.781510,15,0.6327639222145081,0.6740952730178833,-0.0292991790920496 
0:00:00.781510,16,0.6475997567176819,0.6821786761283875,-0.022815536707639694 
0:00:00.781510,17,0.6521656513214111,0.7426217198371887,-0.02847670204937458 
0:00:00.781510,18,0.6207522749900818,0.7015873193740845,-0.031193509697914124 
0:00:00.781510,19,0.6319390535354614,0.6933664083480835,-0.025456955656409264 
0:00:00.781510,20,0.6431821584701538,0.7015603184700012,-0.021876290440559387 
0:00:00.848197,0,0.7198144793510437,0.7320206165313721,1.5343618997576414e-07 
0:00:00.848197,1,0.7124474048614502,0.67305588722229,-0.014893352054059505 
0:00:00.848197,2,0.6729258298873901,0.638821005821228,-0.022982947528362274 
0:00:00.848197,3,0.6330526471138,0.6381402015686035,-0.026693595573306084 
0:00:00.848197,4,0.6068702936172485,0.6522992849349976,-0.030068041756749153 
0:00:00.848197,5,0.6776303052902222,0.6635680198669434,-0.03697570785880089 
0:00:00.848197,6,0.6229819655418396,0.6425194144248962,-0.04533412307500839 
0:00:00.848197,7,0.5911558270454407,0.6290218830108643,-0.04647080600261688 
0:00:00.848197,8,0.5656498670578003,0.6215711236000061,-0.047213390469551086 
0:00:00.848197,9,0.666170060634613,0.7019102573394775,-0.0325859971344471 
0:00:00.848197,10,0.6182968020439148,0.6633226871490479,-0.04421986639499664 
0:00:00.848197,11,0.63094162940979,0.6530796885490417,-0.04202652350068092 
0:00:00.848197,12,0.6490040421485901,0.6617653965950012,-0.03841741755604744 
0:00:00.848197,13,0.6572696566581726,0.7293055653572083,-0.026944151148200035 
0:00:00.848197,14,0.6155814528465271,0.6864097118377686,-0.0334068201482296 
0:00:00.848197,15,0.6298670768737793,0.6777468919754028,-0.024944571778178215 
0:00:00.848197,16,0.645156741142273,0.6870771050453186,-0.018378697335720062 
0:00:00.848197,17,0.6488072276115417,0.7462002038955688,-0.02236931584775448 
0:00:00.848197,18,0.6186243295669556,0.7059786915779114,-0.025815989822149277 
0:00:00.848197,19,0.6302587985992432,0.6971407532691956,-0.020816002041101456 
0:00:00.848197,20,0.6418232917785645,0.7059475779533386,-0.017167408019304276 
0:00:00.902372,0,0.7189468145370483,0.7325243949890137,1.3797119891023613e-07 
0:00:00.902372,1,0.7142321467399597,0.6741412878036499,-0.01408770028501749 
0:00:00.902372,2,0.6734923720359802,0.6364661455154419,-0.021459629759192467 
0:00:00.902372,3,0.6338321566581726,0.6330628395080566,-0.02420632913708687 
0:00:00.902372,4,0.6100752353668213,0.6505519151687622,-0.026799334213137627 
0:00:00.902372,5,0.6770079731941223,0.6646623015403748,-0.04118151590228081 
0:00:00.902372,6,0.6212179660797119,0.6424720883369446,-0.04963051155209541 
0:00:00.902372,7,0.59051913022995,0.6287019848823547,-0.049946416169404984 
0:00:00.902372,8,0.5664345622062683,0.6202254891395569,-0.049920305609703064 
0:00:00.902372,9,0.6660673022270203,0.703527569770813,-0.03658371418714523 
0:00:00.902372,10,0.6194294095039368,0.6644983887672424,-0.04750760272145271 
0:00:00.902372,11,0.6320262551307678,0.6545254588127136,-0.043895214796066284 
0:00:00.902372,12,0.6494068503379822,0.6614544987678528,-0.03983093425631523 
0:00:00.902372,13,0.657299280166626,0.7307286262512207,-0.030345577746629715 
0:00:00.902372,14,0.6165683269500732,0.6881830096244812,-0.03602065145969391 
0:00:00.902372,15,0.6306074857711792,0.6799488663673401,-0.026889322325587273 
0:00:00.902372,16,0.6459475159645081,0.6874828934669495,-0.02047250233590603 
0:00:00.902372,17,0.6493782997131348,0.7471792101860046,-0.025073189288377762 
0:00:00.902372,18,0.6188551187515259,0.7065495252609253,-0.027765298262238503 
0:00:00.902372,19,0.6296377182006836,0.6987812519073486,-0.02245272696018219 
0:00:00.902372,20,0.6409178376197815,0.7067040205001831,-0.01910475455224514 
0:00:00.945533,0,0.716672956943512,0.7369505167007446,1.991169966686357e-07 
0:00:00.945533,1,0.7071619033813477,0.6776013970375061,-0.013689931482076645 
0:00:00.945533,2,0.6683942675590515,0.6406663060188293,-0.02222219668328762 
0:00:00.945533,3,0.631035327911377,0.6360693573951721,-0.026549438014626503 
0:00:00.945533,4,0.6107658743858337,0.6563127040863037,-0.030554890632629395 
0:00:00.945533,5,0.6710944771766663,0.6778488159179688,-0.0385700948536396 
0:00:00.945533,6,0.6176808476448059,0.6572825908660889,-0.04768095165491104 
0:00:00.945533,7,0.5864941477775574,0.6452904939651489,-0.0497349314391613 
0:00:00.945533,8,0.5612200498580933,0.6385549902915955,-0.05113605037331581 
0:00:00.945533,9,0.6601867079734802,0.7157669067382812,-0.03494102135300636 
0:00:00.945533,10,0.6149019598960876,0.6734165549278259,-0.047625619918107986 
0:00:00.945533,11,0.6278390884399414,0.6616867184638977,-0.04546037316322327 
0:00:00.945533,12,0.6456963419914246,0.6693530082702637,-0.041604626923799515 
0:00:00.945533,13,0.6517078876495361,0.7425671815872192,-0.02978309988975525 
0:00:00.945533,14,0.6128021478652954,0.6946877837181091,-0.035223908722400665 
0:00:00.945533,15,0.6267740726470947,0.6854938864707947,-0.025711162015795708 
0:00:00.945533,16,0.6417005062103271,0.6948786377906799,-0.018573986366391182 
0:00:00.945533,17,0.6443554759025574,0.7570884227752686,-0.025800468400120735 
0:00:00.945533,18,0.6155514717102051,0.714319109916687,-0.02650880254805088 
0:00:00.945533,19,0.6258772015571594,0.7035766243934631,-0.019793495535850525 
0:00:00.945533,20,0.6370811462402344,0.7111031413078308,-0.015360835008323193 
0:00:01.009880,0,0.715369462966919,0.7379387617111206,1.8395117251657211e-07 
0:00:01.009880,1,0.7082859873771667,0.6795027852058411,-0.013477434404194355 
0:00:01.009880,2,0.6694725751876831,0.6410679817199707,-0.02037920244038105 
0:00:01.009880,3,0.6329167485237122,0.6340948343276978,-0.022831855341792107 
0:00:01.009880,4,0.6134729385375977,0.6522359251976013,-0.02503754384815693 
0:00:01.009880,5,0.6709219217300415,0.6767733693122864,-0.0388217568397522 
0:00:01.009880,6,0.616418719291687,0.6577048301696777,-0.04785345867276192 
0:00:01.009880,7,0.5839690566062927,0.6441194415092468,-0.049813058227300644 
0:00:01.009880,8,0.5582343339920044,0.6363469362258911,-0.05097398906946182 
0:00:01.009880,9,0.6603548526763916,0.7147069573402405,-0.03459557145833969 
0:00:01.009880,10,0.6145378351211548,0.6759343147277832,-0.04731283336877823 
0:00:01.009880,11,0.6268163919448853,0.6620427370071411,-0.04523704946041107 
0:00:01.009880,12,0.6448577642440796,0.6676124334335327,-0.041209038347005844 
0:00:01.009880,13,0.6521638035774231,0.7416147589683533,-0.02869262732565403 
0:00:01.009880,14,0.6139395833015442,0.69721919298172,-0.035076647996902466 
0:00:01.009880,15,0.6279076337814331,0.6864786744117737,-0.02630353905260563 
0:00:01.009880,16,0.6431801915168762,0.6944588422775269,-0.01942073553800583 
0:00:01.009880,17,0.6447485685348511,0.7567156553268433,-0.023795632645487785 
0:00:01.009880,18,0.61631840467453,0.7157352566719055,-0.02635282091796398 
0:00:01.009880,19,0.6270195245742798,0.7050789594650269,-0.02061895653605461 
0:00:01.009880,20,0.6387173533439636,0.7121872305870056,-0.016494393348693848 
0:00:01.079092,0,0.7131252288818359,0.7452358603477478,1.7782041084046796e-07 
0:00:01.079092,1,0.7018302083015442,0.6893894672393799,-0.01493864320218563 
0:00:01.079092,2,0.6607890725135803,0.6526411771774292,-0.02197711355984211 
0:00:01.079092,3,0.6233717799186707,0.6514579057693481,-0.024426717311143875 
0:00:01.079092,4,0.602918803691864,0.6734219789505005,-0.02679503709077835 
0:00:01.079092,5,0.6609296202659607,0.6841000914573669,-0.037047360092401505 
0:00:01.079092,6,0.6089556217193604,0.6719943881034851,-0.04608410224318504 
0:00:01.079092,7,0.5763835906982422,0.6642862558364868,-0.049420103430747986 
0:00:01.079092,8,0.550223708152771,0.6612333655357361,-0.05178016424179077 
0:00:01.079092,9,0.6526274085044861,0.7236968278884888,-0.03247886523604393 
0:00:01.079092,10,0.6101641654968262,0.6966127157211304,-0.043713949620723724 
0:00:01.079092,11,0.620817244052887,0.6852625012397766,-0.042657263576984406 
0:00:01.079092,12,0.638050377368927,0.689216673374176,-0.040178023278713226 
0:00:01.079092,13,0.6466001272201538,0.7533384561538696,-0.026764048263430595 
0:00:01.079092,14,0.6093234419822693,0.7181174159049988,-0.0316743366420269 
0:00:01.079092,15,0.6205973029136658,0.7083349823951721,-0.023842936381697655 
0:00:01.079092,16,0.6344594955444336,0.7139853835105896,-0.018375568091869354 
0:00:01.079092,17,0.6408647298812866,0.7719810009002686,-0.02235187217593193 
0:00:01.079092,18,0.6129807829856873,0.7359409332275391,-0.023780852556228638 
0:00:01.079092,19,0.6221574544906616,0.7265642285346985,-0.018417250365018845 
0:00:01.079092,20,0.632655143737793,0.7321223020553589,-0.01493806205689907 
0:00:01.124862,0,0.7163628935813904,0.7462415099143982,1.5726904223356541e-07 
0:00:01.124862,1,0.7049556970596313,0.6883246302604675,-0.013988683931529522 
0:00:01.124862,2,0.6619660258293152,0.6522464752197266,-0.020361339673399925 
0:00:01.124862,3,0.623356282711029,0.6520769000053406,-0.022592075169086456 
0:00:01.124862,4,0.604200541973114,0.6755216717720032,-0.024558596312999725 
0:00:01.124862,5,0.6634055376052856,0.6828265190124512,-0.03343796357512474 
0:00:01.124862,6,0.6116132736206055,0.6719350814819336,-0.04143969342112541 
0:00:01.124862,7,0.5801608562469482,0.6648401021957397,-0.04373685643076897 
0:00:01.124862,8,0.5552892684936523,0.6624742746353149,-0.045344483107328415 
0:00:01.124862,9,0.6544864773750305,0.7219194769859314,-0.029389888048171997 
0:00:01.124862,10,0.6116647124290466,0.6950138211250305,-0.04181433096528053 
0:00:01.124862,11,0.6205853819847107,0.684119701385498,-0.042064689099788666 
0:00:01.124862,12,0.6358864307403564,0.688650369644165,-0.03984906151890755 
0:00:01.124862,13,0.6476102471351624,0.7516888380050659,-0.024105975404381752 
0:00:01.124862,14,0.6107723116874695,0.7173166871070862,-0.030136151239275932 
0:00:01.124862,15,0.6214466691017151,0.7070134878158569,-0.02363806590437889 
0:00:01.124862,16,0.6349826455116272,0.7121521234512329,-0.018443124368786812 
0:00:01.124862,17,0.6408213973045349,0.7706150412559509,-0.019947629421949387 
0:00:01.124862,18,0.613165020942688,0.7348304390907288,-0.0213017575442791 
0:00:01.124862,19,0.6218153834342957,0.7247713804244995,-0.016320504248142242 
0:00:01.124862,20,0.6319316625595093,0.7295340895652771,-0.012903762981295586 
0:00:01.175652,0,0.7113790512084961,0.7421502470970154,1.6788489176633448e-07 
0:00:01.175652,1,0.6920221447944641,0.6907670497894287,-0.01001258660107851 
0:00:01.175652,2,0.6491178870201111,0.666810154914856,-0.014494271948933601 
0:00:01.175652,3,0.6141324639320374,0.6717658638954163,-0.015024122782051563 
0:00:01.175652,4,0.5946096181869507,0.6931317448616028,-0.015628086403012276 
0:00:01.175652,5,0.6447203159332275,0.6973772048950195,-0.02995917573571205 
0:00:01.175652,6,0.5912219882011414,0.6968654990196228,-0.03787735477089882 
0:00:01.175652,7,0.5584039688110352,0.6969655156135559,-0.04269489273428917 
0:00:01.175652,8,0.5320473313331604,0.6991117000579834,-0.046285372227430344 
0:00:01.175652,9,0.641952633857727,0.7360147833824158,-0.026258399710059166 
0:00:01.175652,10,0.5969586372375488,0.719029426574707,-0.031346168369054794 
0:00:01.175652,11,0.6064582467079163,0.7041550278663635,-0.028820913285017014 
0:00:01.175652,12,0.6230568885803223,0.7020388841629028,-0.026965564116835594 
0:00:01.175652,13,0.6421740055084229,0.7650845050811768,-0.021317530423402786 
0:00:01.175652,14,0.6024249792098999,0.7389398813247681,-0.020972471684217453 
0:00:01.175652,15,0.6136309504508972,0.7270209789276123,-0.012252171523869038 
0:00:01.175652,16,0.6277375817298889,0.7290779948234558,-0.007469957694411278 
0:00:01.175652,17,0.6433240175247192,0.7836867570877075,-0.01747881807386875 
0:00:01.175652,18,0.6114137172698975,0.7564157843589783,-0.016233373433351517 
0:00:01.175652,19,0.6190618276596069,0.7452242374420166,-0.009625141508877277 
0:00:01.175652,20,0.6304487586021423,0.7477068901062012,-0.005548891611397266 
0:00:01.255951,0,0.714512825012207,0.7441680431365967,1.5231938732540584e-07 
0:00:01.255951,1,0.6939690709114075,0.6903759241104126,-0.010042602196335793 
0:00:01.255951,2,0.64946049451828,0.6675608158111572,-0.014330077916383743 
0:00:01.255951,3,0.6123353838920593,0.6727375388145447,-0.015474150888621807 
0:00:01.255951,4,0.594101071357727,0.696264386177063,-0.016465118154883385 
0:00:01.255951,5,0.6463775634765625,0.6972493529319763,-0.028436122462153435 
0:00:01.255951,6,0.5915408134460449,0.6981664896011353,-0.03455004841089249 
0:00:01.255951,7,0.5591093301773071,0.6971179842948914,-0.03599007427692413 
0:00:01.255951,8,0.5342127680778503,0.6993442177772522,-0.0371701680123806 
0:00:01.255951,9,0.6437086462974548,0.7355254888534546,-0.02493380382657051 
0:00:01.255951,10,0.597716212272644,0.7198264002799988,-0.03324791416525841 
0:00:01.255951,11,0.6053503751754761,0.7037076354026794,-0.031696222722530365 
0:00:01.255951,12,0.6219120621681213,0.701482892036438,-0.02916710451245308 
0:00:01.255951,13,0.6435506343841553,0.7635138034820557,-0.020033307373523712 
0:00:01.255951,14,0.603152871131897,0.7396387457847595,-0.022584697231650352 
0:00:01.255951,15,0.6125513911247253,0.7265822887420654,-0.01489806454628706 
0:00:01.255951,16,0.6271333694458008,0.7278568148612976,-0.009935911744832993 
0:00:01.255951,17,0.6431052088737488,0.7820147275924683,-0.016090838238596916 
0:00:01.255951,18,0.6117987632751465,0.7551607489585876,-0.016491424292325974 
0:00:01.255951,19,0.6182732582092285,0.743867039680481,-0.01138746552169323 
0:00:01.255951,20,0.6288581490516663,0.7457572817802429,-0.007988117635250092 
0:00:01.324716,0,0.7172914743423462,0.7232743501663208,8.027285502976156e-08 
0:00:01.324716,1,0.698391318321228,0.6708777546882629,-0.012587524019181728 
0:00:01.324716,2,0.6537423729896545,0.6459228992462158,-0.018985377624630928 
0:00:01.324716,3,0.6157210469245911,0.6522025465965271,-0.02191849611699581 
0:00:01.324716,4,0.5941328406333923,0.6748471856117249,-0.025338109582662582 
0:00:01.324716,5,0.6451343297958374,0.6561588048934937,-0.03337641432881355 
0:00:01.324716,6,0.5938834547996521,0.6663908362388611,-0.04468340799212456 
0:00:01.324716,7,0.5600141882896423,0.6757259964942932,-0.051003292202949524 
0:00:01.324716,8,0.534275233745575,0.6869029998779297,-0.05545324832201004 
0:00:01.324716,9,0.6431626081466675,0.6968023180961609,-0.030562536790966988 
0:00:01.324716,10,0.6000719666481018,0.7012275457382202,-0.04270568862557411 
0:00:01.324716,11,0.604847252368927,0.6934678554534912,-0.044389571994543076 
0:00:01.324716,12,0.6191338896751404,0.6923952102661133,-0.044250525534152985 
0:00:01.324716,13,0.6439592838287354,0.7330187559127808,-0.02686896361410618 
0:00:01.324716,14,0.6056352853775024,0.7288761138916016,-0.03370138630270958 
0:00:01.324716,15,0.6130885481834412,0.7184596061706543,-0.028185205534100533 
0:00:01.324716,16,0.6270774602890015,0.7172610759735107,-0.023905623704195023 
0:00:01.324716,17,0.645582377910614,0.7617780566215515,-0.024034224450588226 
0:00:01.324716,18,0.6140562295913696,0.751692533493042,-0.02734457515180111 
0:00:01.324716,19,0.620807409286499,0.741956889629364,-0.022300809621810913 
0:00:01.324716,20,0.6332206130027771,0.741439700126648,-0.01821756921708584 
0:00:01.384380,0,0.7170469760894775,0.7223693132400513,9.542939949369611e-08 
0:00:01.384380,1,0.6981160640716553,0.6692667007446289,-0.012939275242388248 
0:00:01.384380,2,0.6527678966522217,0.6456414461135864,-0.021267464384436607 
0:00:01.384380,3,0.6147317886352539,0.6543947458267212,-0.025974659249186516 
0:00:01.384380,4,0.5927208662033081,0.6789924502372742,-0.031299542635679245 
0:00:01.384380,5,0.6452066898345947,0.6530991196632385,-0.03631500527262688 
0:00:01.384380,6,0.5918797850608826,0.6631650924682617,-0.04969590902328491 
0:00:01.384380,7,0.5587521195411682,0.6739741563796997,-0.05742356926202774 
0:00:01.384380,8,0.5332213640213013,0.6874563097953796,-0.06243833526968956 
0:00:01.384380,9,0.6417503952980042,0.6949211955070496,-0.033600956201553345 
0:00:01.384380,10,0.5977385640144348,0.692767322063446,-0.046811625361442566 
0:00:01.384380,11,0.6049826145172119,0.6869274377822876,-0.04807783663272858 
0:00:01.384380,12,0.6195397973060608,0.6880421042442322,-0.04769083485007286 
0:00:01.384380,13,0.641385555267334,0.7321630716323853,-0.02991855889558792 
0:00:01.384380,14,0.603528618812561,0.7222510576248169,-0.0373283252120018 
0:00:01.384380,15,0.61244136095047,0.713128387928009,-0.030817536637187004 
0:00:01.384380,16,0.6265197396278381,0.712944507598877,-0.025949999690055847 
0:00:01.384380,17,0.6418486833572388,0.7617529630661011,-0.02708832174539566 
0:00:01.384380,18,0.6128949522972107,0.7459070086479187,-0.030473507940769196 
0:00:01.384380,19,0.6212428212165833,0.7368572354316711,-0.02461816929280758 
0:00:01.384380,20,0.6330654621124268,0.7375606894493103,-0.020026477053761482 
0:00:01.614293,0,0.7268709540367126,0.633070170879364,-3.510844237553101e-08 
0:00:01.614293,1,0.7284753322601318,0.5862711071968079,-0.003239551791921258 
0:00:01.614293,2,0.706298828125,0.5364413261413574,-0.01284685730934143 
0:00:01.614293,3,0.6749908328056335,0.5132551193237305,-0.021049024537205696 
0:00:01.614293,4,0.6472310423851013,0.5115758180618286,-0.03097083792090416 
0:00:01.614293,5,0.7124329209327698,0.535333514213562,-0.034347034990787506 
0:00:01.614293,6,0.6693814992904663,0.49063485860824585,-0.046407442539930344 
0:00:01.614293,7,0.6463803052902222,0.4687921702861786,-0.051332127302885056 
0:00:01.614293,8,0.6276591420173645,0.45450812578201294,-0.05502711236476898 
0:00:01.614293,9,0.6996780037879944,0.5645413398742676,-0.039863668382167816 
0:00:01.614293,10,0.6524850726127625,0.5263781547546387,-0.051380716264247894 
0:00:01.614293,11,0.6585606336593628,0.5377170443534851,-0.04919035732746124 
0:00:01.614293,12,0.6696918606758118,0.5515254139900208,-0.048499833792448044 
0:00:01.614293,13,0.68552565574646,0.5954208970069885,-0.043668486177921295 
0:00:01.614293,14,0.6442667245864868,0.555436909198761,-0.05349212512373924 
0:00:01.614293,15,0.654969334602356,0.5654230117797852,-0.04332861304283142 
0:00:01.614293,16,0.6672096252441406,0.5784918069839478,-0.03703479841351509 
0:00:01.614293,17,0.6702224016189575,0.6236490607261658,-0.04711258038878441 
0:00:01.614293,18,0.6401501893997192,0.585208535194397,-0.05551984906196594 
0:00:01.614293,19,0.6509557366371155,0.5932018756866455,-0.04770898446440697 
0:00:01.614293,20,0.660992443561554,0.6070810556411743,-0.042036138474941254 
0:00:01.684194,0,0.7265615463256836,0.6389578580856323,3.3915913633109085e-08 
0:00:01.684194,1,0.7300766110420227,0.5916505455970764,-0.0052705192938447 
0:00:01.684194,2,0.709242582321167,0.5429097414016724,-0.014784351922571659 
0:00:01.684194,3,0.6799231171607971,0.5205502510070801,-0.02292593941092491 
0:00:01.684194,4,0.6534978151321411,0.5220140814781189,-0.03242228925228119 
0:00:01.684194,5,0.71068274974823,0.5367075800895691,-0.03192666545510292 
0:00:01.684194,6,0.6684545278549194,0.49109533429145813,-0.04375530406832695 
0:00:01.684194,7,0.6460253000259399,0.4689800441265106,-0.04846397787332535 
0:00:01.684194,8,0.6282105445861816,0.4533880352973938,-0.05173930153250694 
0:00:01.684194,9,0.6972876787185669,0.5652570724487305,-0.03625067323446274 
0:00:01.684194,10,0.6548902988433838,0.5257912874221802,-0.049450043588876724 
0:00:01.684194,11,0.6610925197601318,0.5370351672172546,-0.04850336164236069 
0:00:01.684194,12,0.6723197102546692,0.55227130651474,-0.04727167263627052 
0:00:01.684194,13,0.682697594165802,0.5954801440238953,-0.03925210237503052 
0:00:01.684194,14,0.6459187865257263,0.5571645498275757,-0.049629081040620804 
0:00:01.684194,15,0.6547778844833374,0.5672264099121094,-0.04036182910203934 
0:00:01.684194,16,0.6653567552566528,0.5818299651145935,-0.03365496173501015 
0:00:01.684194,17,0.6677177548408508,0.6230623722076416,-0.04220907762646675 
0:00:01.684194,18,0.6388266086578369,0.5862395763397217,-0.04920114204287529 
0:00:01.684194,19,0.6492724418640137,0.5939996838569641,-0.04116411507129669 
0:00:01.684194,20,0.6591923236846924,0.6087542772293091,-0.03506975248456001 
0:00:01.765088,0,0.7286475300788879,0.6301052570343018,-1.1125095511488325e-08 
0:00:01.765088,1,0.7353969812393188,0.5815209150314331,-0.005877627991139889 
0:00:01.765088,2,0.7146278619766235,0.5303740501403809,-0.01369432732462883 
0:00:01.765088,3,0.6810990571975708,0.5047405362129211,-0.01993255317211151 
0:00:01.765088,4,0.6533235311508179,0.49983495473861694,-0.026717454195022583 
0:00:01.765088,5,0.7225997447967529,0.5189788341522217,-0.027210498228669167 
0:00:01.765088,6,0.6785036325454712,0.47534263134002686,-0.038440629839897156 
0:00:01.765088,7,0.6534750461578369,0.45240354537963867,-0.04225119575858116 
0:00:01.765088,8,0.633140504360199,0.43584728240966797,-0.04429813474416733 
0:00:01.765088,9,0.7055016160011292,0.5461587309837341,-0.03051600605249405 
0:00:01.765088,10,0.664291262626648,0.5062389373779297,-0.04460959881544113 
0:00:01.765088,11,0.6715794801712036,0.519992470741272,-0.04361359775066376 
0:00:01.765088,12,0.6843695640563965,0.5362723469734192,-0.040757935494184494 
0:00:01.765088,13,0.6879841089248657,0.5729952454566956,-0.03275959938764572 
0:00:01.765088,14,0.6551609039306641,0.5352398157119751,-0.043663471937179565 
0:00:01.765088,15,0.663887083530426,0.5479404330253601,-0.03461877629160881 
0:00:01.765088,16,0.6753978729248047,0.5622472167015076,-0.02654881961643696 
0:00:01.765088,17,0.670918345451355,0.5973910689353943,-0.03507643938064575 
0:00:01.765088,18,0.6472876667976379,0.5585638284683228,-0.03967859596014023 
0:00:01.765088,19,0.6561986804008484,0.5674631595611572,-0.030871793627738953 
0:00:01.765088,20,0.6653847098350525,0.5814066529273987,-0.02377469092607498 
0:00:01.822825,0,0.7303633093833923,0.6310990452766418,-3.0019208452358725e-08 
0:00:01.822825,1,0.735366702079773,0.5800424814224243,-0.003094898769631982 
0:00:01.822825,2,0.7116513252258301,0.5290173888206482,-0.009959518909454346 
0:00:01.822825,3,0.6769784092903137,0.5073376297950745,-0.016018666326999664 
0:00:01.822825,4,0.6487002372741699,0.5045499205589294,-0.02278296835720539 
0:00:01.822825,5,0.7223353981971741,0.5182488560676575,-0.022237852215766907 
0:00:01.822825,6,0.6792011857032776,0.4761362671852112,-0.03309965506196022 
0:00:01.822825,7,0.6539613604545593,0.45320630073547363,-0.0379631370306015 
0:00:01.822825,8,0.6329799294471741,0.4367985427379608,-0.04109781235456467 
0:00:01.822825,9,0.7062961459159851,0.5459105372428894,-0.02745058573782444 
0:00:01.822825,10,0.6648424863815308,0.5063930153846741,-0.04096174240112305 
0:00:01.822825,11,0.672042191028595,0.5194815397262573,-0.04119928553700447 
0:00:01.822825,12,0.6846668124198914,0.5344947576522827,-0.0396379791200161 
0:00:01.822825,13,0.6892706751823425,0.5739767551422119,-0.031527288258075714 
0:00:01.822825,14,0.6554498076438904,0.5359601974487305,-0.04248162731528282 
0:00:01.822825,15,0.663626492023468,0.5473772287368774,-0.034438230097293854 
0:00:01.822825,16,0.6742980480194092,0.5608530044555664,-0.02715614065527916 
0:00:01.822825,17,0.6719245314598083,0.5995429754257202,-0.03544998914003372 
0:00:01.822825,18,0.6471653580665588,0.5600380301475525,-0.0405355766415596 
0:00:01.822825,19,0.6553390622138977,0.5683621764183044,-0.03196258097887039 
0:00:01.822825,20,0.6645820736885071,0.5825364589691162,-0.0250179935246706 
0:00:02.011914,0,0.7071171998977661,0.6935241222381592,-6.080586700818458e-08 
0:00:02.011914,1,0.6742751598358154,0.6391740441322327,-0.0035714292898774147 
0:00:02.011914,2,0.6190147995948792,0.6156917810440063,-0.010577310808002949 
0:00:02.011914,3,0.5771324038505554,0.6242225766181946,-0.017280837520956993 
0:00:02.011914,4,0.5527617335319519,0.6563535332679749,-0.025344865396618843 
0:00:02.011914,5,0.5981948971748352,0.6078508496284485,-0.02528042159974575 
0:00:02.011914,6,0.5499462485313416,0.6298468112945557,-0.04227440431714058 
0:00:02.011914,7,0.528854250907898,0.6592766642570496,-0.0540458969771862 
0:00:02.011914,8,0.5174931287765503,0.6864871382713318,-0.06090432032942772 
0:00:02.011914,9,0.6035491824150085,0.6477683782577515,-0.03098495863378048 
0:00:02.011914,10,0.5556360483169556,0.6632956266403198,-0.04204811528325081 
0:00:02.011914,11,0.5445454716682434,0.6791473627090454,-0.04543796181678772 
0:00:02.011914,12,0.544557511806488,0.6900434494018555,-0.04867176339030266 
0:00:02.011914,13,0.6142585277557373,0.6933531165122986,-0.036120254546403885 
0:00:02.011914,14,0.576412558555603,0.7134202122688293,-0.04393180459737778 
0:00:02.011914,15,0.5823215246200562,0.7134469151496887,-0.03866792470216751 
0:00:02.011914,16,0.5948393940925598,0.7080644369125366,-0.03579723834991455 
0:00:02.011914,17,0.6266756653785706,0.7391025424003601,-0.041558656841516495 
0:00:02.011914,18,0.5981232523918152,0.7505744099617004,-0.04659015312790871 
0:00:02.011914,19,0.6057693958282471,0.7458504438400269,-0.04013652354478836 
0:00:02.011914,20,0.6178286075592041,0.7381874918937683,-0.035079509019851685 
0:00:02.057513,0,0.7063271403312683,0.6963018178939819,-3.4954393157704544e-08 
0:00:02.057513,1,0.6753255128860474,0.6432817578315735,-0.00538079347461462 
0:00:02.057513,2,0.6217383742332458,0.615081250667572,-0.01332484558224678 
0:00:02.057513,3,0.578813910484314,0.6191521286964417,-0.020578010007739067 
0:00:02.057513,4,0.552747905254364,0.6440613865852356,-0.029332144185900688 
0:00:02.057513,5,0.6033968329429626,0.6085097193717957,-0.029703229665756226 
0:00:02.057513,6,0.5541545152664185,0.6309657096862793,-0.04811721667647362 
0:00:02.057513,7,0.5302999019622803,0.6625568270683289,-0.06078094244003296 
0:00:02.057513,8,0.5162621736526489,0.6913649439811707,-0.06836166232824326 
0:00:02.057513,9,0.6084559559822083,0.6490973234176636,-0.03501864895224571 
0:00:02.057513,10,0.5611339211463928,0.6669862270355225,-0.04818219318985939 
0:00:02.057513,11,0.5511645078659058,0.6833934783935547,-0.05155007913708687 
0:00:02.057513,12,0.5536195039749146,0.6934688687324524,-0.054778553545475006 
0:00:02.057513,13,0.6183472871780396,0.6949019432067871,-0.03978891298174858 
0:00:02.057513,14,0.5809140801429749,0.7188892960548401,-0.049414947628974915 
0:00:02.057513,15,0.5884151458740234,0.718145489692688,-0.04372727870941162 
0:00:02.057513,16,0.6036279201507568,0.710564911365509,-0.040406372398138046 
0:00:02.057513,17,0.6298805475234985,0.7403557896614075,-0.045052412897348404 
0:00:02.057513,18,0.6015561819076538,0.7552530765533447,-0.0519072487950325 
0:00:02.057513,19,0.6102666854858398,0.7500342726707458,-0.045998234301805496 
0:00:02.057513,20,0.6237876415252686,0.7396571636199951,-0.041189443320035934 
0:00:02.127148,0,0.7082550525665283,0.7071652412414551,-9.308698167842522e-08 
0:00:02.127148,1,0.6679452061653137,0.6565557718276978,0.005200142040848732 
0:00:02.127148,2,0.6170316934585571,0.6546749472618103,0.0032929398585110903 
0:00:02.127148,3,0.5793374180793762,0.6769316792488098,-0.00018446665490046144 
0:00:02.127148,4,0.5588334202766418,0.7017257213592529,-0.004904151428490877 
0:00:02.127148,5,0.6023878455162048,0.6557754278182983,-0.008253482170403004 
0:00:02.127148,6,0.5537639260292053,0.6795065402984619,-0.017257222905755043 
0:00:02.127148,7,0.5302080512046814,0.6995404362678528,-0.023634590208530426 
0:00:02.127148,8,0.5138646364212036,0.7178345918655396,-0.027825182303786278 
0:00:02.127148,9,0.6090225577354431,0.688822329044342,-0.015198862180113792 
0:00:02.127148,10,0.5668178200721741,0.7160207033157349,-0.02206997387111187 
0:00:02.127148,11,0.5776792764663696,0.7155037522315979,-0.021504871547222137 
0:00:02.127148,12,0.5929592847824097,0.7090509533882141,-0.02142454870045185 
0:00:02.127148,13,0.6206695437431335,0.7229152917861938,-0.021048270165920258 
0:00:02.127148,14,0.586486279964447,0.743996262550354,-0.02637282945215702 
0:00:02.127148,15,0.5967912077903748,0.7378340363502502,-0.02027016505599022 
0:00:02.127148,16,0.6110000610351562,0.7296150922775269,-0.016393665224313736 
0:00:02.127148,17,0.6338204741477966,0.7541669607162476,-0.026342585682868958 
0:00:02.127148,18,0.6042207479476929,0.7665949463844299,-0.028314439579844475 
0:00:02.127148,19,0.614439070224762,0.7593972682952881,-0.020953426137566566 
0:00:02.127148,20,0.6278205513954163,0.752535879611969,-0.01555149257183075 
0:00:02.169400,0,0.704721212387085,0.7063032388687134,-4.857571411776007e-08 
0:00:02.169400,1,0.6662956476211548,0.6616066694259644,0.0026054487098008394 
0:00:02.169400,2,0.6186885237693787,0.6607125401496887,0.0011834728065878153 
0:00:02.169400,3,0.5862312316894531,0.6839165091514587,-0.0006817858666181564 
0:00:02.169400,4,0.5682538747787476,0.7101965546607971,-0.003414938459172845 
0:00:02.169400,5,0.6025452017784119,0.6683083772659302,-0.01087505929172039 
0:00:02.169400,6,0.5568531155586243,0.6919792890548706,-0.016515066847205162 
0:00:02.169400,7,0.5314488410949707,0.7072210907936096,-0.01960747502744198 
0:00:02.169400,8,0.5125135183334351,0.7207356095314026,-0.021961385384202003 
0:00:02.169400,9,0.6091746687889099,0.7017812728881836,-0.01523914746940136 
0:00:02.169400,10,0.5722737312316895,0.7235980033874512,-0.019384702667593956 
0:00:02.169400,11,0.5823626518249512,0.7189901471138,-0.017502907663583755 
0:00:02.169400,12,0.5973274111747742,0.712557315826416,-0.016867728903889656 
0:00:02.169400,13,0.6201953291893005,0.7331635355949402,-0.01828782446682453 
0:00:02.169400,14,0.5880183577537537,0.7461088299751282,-0.019320964813232422 
0:00:02.169400,15,0.596550703048706,0.7386232614517212,-0.01188834197819233 
0:00:02.169400,16,0.6103309988975525,0.7329344749450684,-0.008266046643257141 
0:00:02.169400,17,0.632078230381012,0.7613928318023682,-0.021224575117230415 
0:00:02.169400,18,0.6026808023452759,0.7674628496170044,-0.019792590290308 
0:00:02.169400,19,0.6110031008720398,0.75897616147995,-0.012004557065665722 
0:00:02.169400,20,0.6240126490592957,0.7547405958175659,-0.007006690371781588 
0:00:02.210447,0,0.7200942635536194,0.6728394627571106,-9.290820202068062e-08 
0:00:02.210447,1,0.7137709259986877,0.6186489462852478,-0.00811354536563158 
0:00:02.210447,2,0.6721974015235901,0.5829542279243469,-0.017359381541609764 
0:00:02.210447,3,0.6277971267700195,0.5835331082344055,-0.02496541477739811 
0:00:02.210447,4,0.596782386302948,0.6040571331977844,-0.03387945890426636 
0:00:02.210447,5,0.6673976182937622,0.5531355738639832,-0.032367438077926636 
0:00:02.210447,6,0.612350583076477,0.5435917377471924,-0.051209770143032074 
0:00:02.210447,7,0.5817050933837891,0.5550761818885803,-0.06273750215768814 
0:00:02.210447,8,0.5636125802993774,0.5686824917793274,-0.06916899979114532 
0:00:02.210447,9,0.6569572687149048,0.5855223536491394,-0.035555802285671234 
0:00:02.210447,10,0.6000816822052002,0.5853214263916016,-0.049903422594070435 
0:00:02.210447,11,0.577985405921936,0.6017991900444031,-0.05484412983059883 
0:00:02.210447,12,0.5679342746734619,0.6136303544044495,-0.05878967046737671 
0:00:02.210447,13,0.6496813893318176,0.6252358555793762,-0.03822646290063858 
0:00:02.210447,14,0.6034055352210999,0.6365489959716797,-0.05111350864171982 
0:00:02.210447,15,0.6127490997314453,0.6487782001495361,-0.04709266498684883 
0:00:02.210447,16,0.6280866265296936,0.6533176898956299,-0.04361248016357422 
0:00:02.210447,17,0.6441597938537598,0.668592095375061,-0.04109536111354828 
0:00:02.210447,18,0.6112846732139587,0.6765612959861755,-0.05234362557530403 
0:00:02.210447,19,0.6229753494262695,0.6831321716308594,-0.04802696779370308 
0:00:02.210447,20,0.6386340856552124,0.6849031448364258,-0.0432010218501091 
0:00:02.272507,0,0.7266908884048462,0.6778897047042847,-9.519522592427165e-08 
0:00:02.272507,1,0.7180151343345642,0.6247097849845886,-0.00650378642603755 
0:00:02.272507,2,0.6770615577697754,0.588942289352417,-0.016749655827879906 
0:00:02.272507,3,0.6329267621040344,0.5869093537330627,-0.025969183072447777 
0:00:02.272507,4,0.6006602048873901,0.6040372848510742,-0.0374201238155365 
0:00:02.272507,5,0.6750262379646301,0.560174286365509,-0.03458094969391823 
0:00:02.272507,6,0.6215973496437073,0.5499752163887024,-0.055044688284397125 
0:00:02.272507,7,0.5878607630729675,0.5569935441017151,-0.06878764927387238 
0:00:02.272507,8,0.5638682842254639,0.5681775212287903,-0.07706267386674881 
0:00:02.272507,9,0.6669721007347107,0.5915122628211975,-0.03994978591799736 
0:00:02.272507,10,0.6070300340652466,0.5884568095207214,-0.05699577182531357 
0:00:02.272507,11,0.5798896551132202,0.6042561531066895,-0.06352882832288742 
0:00:02.272507,12,0.5649644136428833,0.6177520751953125,-0.06837274879217148 
0:00:02.272507,13,0.6615412831306458,0.6308534741401672,-0.04440872371196747 
0:00:02.272507,14,0.609326183795929,0.6385012865066528,-0.058699119836091995 
0:00:02.272507,15,0.6168708801269531,0.6513309478759766,-0.05451897904276848 
0:00:02.272507,16,0.6316536664962769,0.6574068665504456,-0.050736427307128906 
0:00:02.272507,17,0.6573678255081177,0.6742846965789795,-0.048940062522888184 
0:00:02.272507,18,0.6168038249015808,0.6797451972961426,-0.06100555881857872 
0:00:02.272507,19,0.6262017488479614,0.6863968372344971,-0.05619378760457039 
0:00:02.272507,20,0.6419810056686401,0.6883529424667358,-0.05099772661924362 
0:00:02.322291,0,0.7325383424758911,0.6625593304634094,-6.34616128536436e-08 
0:00:02.322291,1,0.7254133224487305,0.6027686595916748,-0.0031866079661995173 
0:00:02.322291,2,0.6866799592971802,0.5621232390403748,-0.011272844858467579 
0:00:02.322291,3,0.6435218453407288,0.5538152456283569,-0.018237406387925148 
0:00:02.322291,4,0.6127925515174866,0.5629972815513611,-0.026123391464352608 
0:00:02.322291,5,0.6980823874473572,0.5587488412857056,-0.030421361327171326 
0:00:02.322291,6,0.642366886138916,0.5338742733001709,-0.04163987189531326 
0:00:02.322291,7,0.6120569109916687,0.5217093229293823,-0.0453440397977829 
0:00:02.322291,8,0.588544487953186,0.5137563347816467,-0.04771392047405243 
0:00:02.322291,9,0.6872652173042297,0.5947261452674866,-0.03514105826616287 
0:00:02.322291,10,0.6343757510185242,0.5647104382514954,-0.04788954183459282 
0:00:02.322291,11,0.6447691917419434,0.5698764324188232,-0.046398792415857315 
0:00:02.322291,12,0.6626101136207581,0.581754744052887,-0.044695477932691574 
0:00:02.322291,13,0.6755679845809937,0.628732442855835,-0.0382373221218586 
0:00:02.322291,14,0.6302215456962585,0.5934274792671204,-0.04638354480266571 
0:00:02.322291,15,0.6412574052810669,0.5965211987495422,-0.03671639412641525 
0:00:02.322291,16,0.6571871638298035,0.6085757613182068,-0.02998299151659012 
0:00:02.322291,17,0.6630173325538635,0.6584789156913757,-0.04138574004173279 
0:00:02.322291,18,0.6252285838127136,0.6236628890037537,-0.04501098394393921 
0:00:02.322291,19,0.6345865726470947,0.6221055388450623,-0.037077732384204865 
0:00:02.322291,20,0.6483767628669739,0.6322824954986572,-0.03180301561951637 
0:00:02.366370,0,0.7291899919509888,0.6586033701896667,-3.6023429572651366e-08 
0:00:02.366370,1,0.7229117155075073,0.6030215620994568,-0.004088493995368481 
0:00:02.366370,2,0.6856263875961304,0.5621546506881714,-0.011602622456848621 
0:00:02.366370,3,0.6436203122138977,0.5535218715667725,-0.018019212409853935 
0:00:02.366370,4,0.6145859956741333,0.5604699850082397,-0.025342857465147972 
0:00:02.366370,5,0.6960718035697937,0.5578723549842834,-0.02723737247288227 
0:00:02.366370,6,0.6432167291641235,0.5340193510055542,-0.03814098984003067 
0:00:02.366370,7,0.6130074262619019,0.5215930342674255,-0.04256270453333855 
0:00:02.366370,8,0.5884585976600647,0.5133481025695801,-0.045551542192697525 
0:00:02.366370,9,0.6872640252113342,0.5928996205329895,-0.03197910264134407 
0:00:02.366370,10,0.6341755390167236,0.5617043972015381,-0.04560423269867897 
0:00:02.366370,11,0.6446074843406677,0.568009614944458,-0.045643582940101624 
0:00:02.366370,12,0.6618576645851135,0.5812409520149231,-0.04420211911201477 
0:00:02.366370,13,0.6776372790336609,0.6264360547065735,-0.035291701555252075 
0:00:02.366370,14,0.630058765411377,0.5911352634429932,-0.045134492218494415 
0:00:02.366370,15,0.6416135430335999,0.5949005484580994,-0.036711689084768295 
0:00:02.366370,16,0.657882571220398,0.6077018976211548,-0.0296550951898098 
0:00:02.366370,17,0.6667085886001587,0.6563986539840698,-0.038660481572151184 
0:00:02.366370,18,0.6273604035377502,0.6211523413658142,-0.04406861588358879 
0:00:02.366370,19,0.6363666653633118,0.6191953420639038,-0.03680771216750145 
0:00:02.366370,20,0.650640606880188,0.6305299401283264,-0.031144076958298683 
0:00:02.416659,0,0.7123574018478394,0.685099720954895,4.391216723576008e-09 
0:00:02.416659,1,0.6993868350982666,0.6273914575576782,-0.00494473148137331 
0:00:02.416659,2,0.6572440266609192,0.5912672877311707,-0.014694450423121452 
0:00:02.416659,3,0.6126296520233154,0.596207320690155,-0.023307766765356064 
0:00:02.416659,4,0.5852797031402588,0.6177324652671814,-0.03282193839550018 
0:00:02.416659,5,0.6675088405609131,0.5802650451660156,-0.02454257383942604 
0:00:02.416659,6,0.6102778911590576,0.5720195770263672,-0.037483587861061096 
0:00:02.416659,7,0.5761909484863281,0.573895275592804,-0.04547534137964249 
0:00:02.416659,8,0.5501259565353394,0.5783870220184326,-0.05095283314585686 
0:00:02.416659,9,0.6631007194519043,0.616005539894104,-0.02961849980056286 
0:00:02.416659,10,0.6045325398445129,0.6060473918914795,-0.042616117745637894 
0:00:02.416659,11,0.6108148694038391,0.6132068037986755,-0.04450957104563713 
0:00:02.416659,12,0.6270966529846191,0.6197983622550964,-0.04542315751314163 
0:00:02.416659,13,0.6575154662132263,0.6527833342552185,-0.03378940373659134 
0:00:02.416659,14,0.6031460165977478,0.6384425163269043,-0.043939583003520966 
0:00:02.416659,15,0.6126907467842102,0.6417221426963806,-0.03738315775990486 
0:00:02.416659,16,0.6300438642501831,0.6480371356010437,-0.032071541994810104 
0:00:02.416659,17,0.6504359841346741,0.6877060532569885,-0.038044288754463196 
0:00:02.416659,18,0.6076424717903137,0.6678730845451355,-0.04458015039563179 
0:00:02.416659,19,0.6166940331459045,0.6693494915962219,-0.03794647753238678 
0:00:02.416659,20,0.6320925951004028,0.6769523620605469,-0.032644979655742645 
0:00:02.467646,0,0.7083373665809631,0.6856643557548523,-4.455182889273601e-08 
0:00:02.467646,1,0.6966667771339417,0.6320253014564514,-0.004590463358908892 
0:00:02.467646,2,0.6562635898590088,0.5940198302268982,-0.013921432197093964 
0:00:02.467646,3,0.6138719916343689,0.5943205952644348,-0.02176535502076149 
0:00:02.467646,4,0.5862780213356018,0.6133885383605957,-0.030439503490924835 
0:00:02.467646,5,0.6663557291030884,0.582893967628479,-0.029867053031921387 
0:00:02.467646,6,0.6091133952140808,0.5734497308731079,-0.04358486086130142 
0:00:02.467646,7,0.5754114985466003,0.575122058391571,-0.05088593065738678 
0:00:02.467646,8,0.5490861535072327,0.5797015428543091,-0.05574268847703934 
0:00:02.467646,9,0.6614672541618347,0.6187319159507751,-0.03534865751862526 
0:00:02.467646,10,0.6014316082000732,0.6077276468276978,-0.048799626529216766 
0:00:02.467646,11,0.6082677841186523,0.6148212552070618,-0.048949964344501495 
0:00:02.467646,12,0.6252226233482361,0.6214614510536194,-0.04881233349442482 
0:00:02.467646,13,0.655735194683075,0.6556908488273621,-0.03963270038366318 
0:00:02.467646,14,0.6023575067520142,0.639039933681488,-0.05052076280117035 
0:00:02.467646,15,0.6122602224349976,0.6426111459732056,-0.04222508892416954 
0:00:02.467646,16,0.6297722458839417,0.648526132106781,-0.03588409721851349 
0:00:02.467646,17,0.6484895348548889,0.6906455159187317,-0.04393254220485687 
0:00:02.467646,18,0.6065583229064941,0.6691352128982544,-0.05088585987687111 
0:00:02.467646,19,0.6162792444229126,0.6701479554176331,-0.04350009188055992 
0:00:02.467646,20,0.6319811940193176,0.677535891532898,-0.037882786244153976 
0:00:02.518753,0,0.7117558121681213,0.7000412344932556,3.1887659179830052e-09 
0:00:02.518753,1,0.7003811001777649,0.6406864523887634,-0.005522019229829311 
0:00:02.518753,2,0.6581475734710693,0.6122781038284302,-0.014422225765883923 
0:00:02.518753,3,0.6168979406356812,0.6157647371292114,-0.021463755518198013 
0:00:02.518753,4,0.589300811290741,0.6253671646118164,-0.028839483857154846 
0:00:02.518753,5,0.6661377549171448,0.6155660152435303,-0.030861645936965942 
0:00:02.518753,6,0.6086955070495605,0.597832977771759,-0.04235285520553589 
0:00:02.518753,7,0.5772836804389954,0.5892866849899292,-0.04697854071855545 
0:00:02.518753,8,0.5516115427017212,0.5866456627845764,-0.04986079782247543 
0:00:02.518753,9,0.6581366658210754,0.6518900990486145,-0.033628422766923904 
0:00:02.518753,10,0.6034167408943176,0.6289834976196289,-0.04579389467835426 
0:00:02.518753,11,0.6159847378730774,0.6254042387008667,-0.04420442506670952 
0:00:02.518753,12,0.6333651542663574,0.6314690113067627,-0.04237643629312515 
0:00:02.518753,13,0.6511467695236206,0.6835520267486572,-0.03504323586821556 
0:00:02.518753,14,0.6030696034431458,0.6550799012184143,-0.04298687353730202 
0:00:02.518753,15,0.6172720193862915,0.6499465107917786,-0.03377462550997734 
0:00:02.518753,16,0.632688045501709,0.6556947231292725,-0.026950670406222343 
0:00:02.518753,17,0.6446560621261597,0.708026647567749,-0.036756742745637894 
0:00:02.518753,18,0.6061954498291016,0.6774426698684692,-0.0404527373611927 
0:00:02.518753,19,0.6170934438705444,0.6706159114837646,-0.03280740976333618 
0:00:02.518753,20,0.6295474767684937,0.67645663022995,-0.027423396706581116 
0:00:02.572026,0,0.7110839486122131,0.6978315114974976,5.141016146126276e-08 
0:00:02.572026,1,0.7002702355384827,0.6420260667800903,-0.008898078463971615 
0:00:02.572026,2,0.6599618792533875,0.6122523546218872,-0.017723366618156433 
0:00:02.572026,3,0.6199475526809692,0.6151096224784851,-0.02384932152926922 
0:00:02.572026,4,0.5918117761611938,0.6269404292106628,-0.029952121898531914 
0:00:02.572026,5,0.6665500402450562,0.6140089631080627,-0.03337667137384415 
0:00:02.572026,6,0.6090514659881592,0.5970839262008667,-0.04380140081048012 
0:00:02.572026,7,0.5769035816192627,0.589041531085968,-0.046906642615795135 
0:00:02.572026,8,0.551392138004303,0.586152195930481,-0.048579417169094086 
0:00:02.572026,9,0.6584321856498718,0.6515954732894897,-0.033963482826948166 
0:00:02.572026,10,0.6044125556945801,0.6271349787712097,-0.04644693061709404 
0:00:02.572026,11,0.615497887134552,0.6230133175849915,-0.04517893120646477 
0:00:02.572026,12,0.6341313123703003,0.6301541924476624,-0.04256657883524895 
0:00:02.572026,13,0.6512638926506042,0.6835167407989502,-0.03312751278281212 
0:00:02.572026,14,0.6043534278869629,0.6544580459594727,-0.04050396382808685 
0:00:02.572026,15,0.6164945960044861,0.6493335962295532,-0.03177487850189209 
0:00:02.572026,16,0.6321442723274231,0.655926525592804,-0.025014618411660194 
0:00:02.572026,17,0.6440111398696899,0.7075214385986328,-0.03282930329442024 
0:00:02.572026,18,0.6076272130012512,0.6765992045402527,-0.03588245436549187 
0:00:02.572026,19,0.6171749830245972,0.6693586707115173,-0.02889520488679409 
0:00:02.572026,20,0.6297359466552734,0.6756718754768372,-0.023847077041864395 
0:00:02.642139,0,0.7135227918624878,0.6945260763168335,5.054528529058189e-08 
0:00:02.642139,1,0.7043494582176208,0.6387996673583984,-0.010698718950152397 
0:00:02.642139,2,0.6667798757553101,0.6069331169128418,-0.01922903209924698 
0:00:02.642139,3,0.6281298995018005,0.606446385383606,-0.02422342449426651 
0:00:02.642139,4,0.6008280515670776,0.6140218377113342,-0.028974132612347603 
0:00:02.642139,5,0.6731659173965454,0.6104953289031982,-0.03575447201728821 
0:00:02.642139,6,0.6173872947692871,0.5909949541091919,-0.04553502798080444 
0:00:02.642139,7,0.5873061418533325,0.579913318157196,-0.04746445640921593 
0:00:02.642139,8,0.5630823373794556,0.5739415287971497,-0.048291418701410294 
0:00:02.642139,9,0.663602352142334,0.6470940113067627,-0.03517981246113777 
0:00:02.642139,10,0.6121898889541626,0.6176384687423706,-0.04614469036459923 
0:00:02.642139,11,0.623890221118927,0.6134875416755676,-0.04310796782374382 
0:00:02.642139,12,0.6417112946510315,0.6214500069618225,-0.039612848311662674 
0:00:02.642139,13,0.6550469398498535,0.6779439449310303,-0.0333993136882782 
0:00:02.642139,14,0.6112061142921448,0.6457011103630066,-0.040258534252643585 
0:00:02.642139,15,0.6241101026535034,0.6421425342559814,-0.031223416328430176 
0:00:02.642139,16,0.6386922597885132,0.6492127180099487,-0.024501459673047066 
0:00:02.642139,17,0.6466496586799622,0.7007838487625122,-0.03225785493850708 
0:00:02.642139,18,0.6124118566513062,0.6683957576751709,-0.03499113395810127 
0:00:02.642139,19,0.623955488204956,0.6628739237785339,-0.0278463251888752 
0:00:02.642139,20,0.6364979147911072,0.6707015633583069,-0.022951193153858185 
0:00:02.700245,0,0.7132903337478638,0.6937590837478638,5.3763230312142696e-08 
0:00:02.700245,1,0.7044129967689514,0.6391304135322571,-0.009833347983658314 
0:00:02.700245,2,0.6660777926445007,0.6065829396247864,-0.01859813556075096 
0:00:02.700245,3,0.62715744972229,0.6052604913711548,-0.024419764056801796 
0:00:02.700245,4,0.5990024209022522,0.6160033345222473,-0.030191095545887947 
0:00:02.700245,5,0.6728121042251587,0.6095799803733826,-0.03345916047692299 
0:00:02.700245,6,0.6179257035255432,0.5895745754241943,-0.04374346137046814 
0:00:02.700245,7,0.5877015590667725,0.5793510675430298,-0.046738043427467346 
0:00:02.700245,8,0.563494086265564,0.5741121172904968,-0.048285678029060364 
0:00:02.700245,9,0.6642516255378723,0.646345853805542,-0.033531542867422104 
0:00:02.700245,10,0.6122368574142456,0.6188501715660095,-0.04599124193191528 
0:00:02.700245,11,0.6242398619651794,0.6166056394577026,-0.044410303235054016 
0:00:02.700245,12,0.6427189707756042,0.6244422793388367,-0.041424550116062164 
0:00:02.700245,13,0.656244695186615,0.6773985624313354,-0.03234755992889404 
0:00:02.700245,14,0.6111665368080139,0.6455869674682617,-0.04032118245959282 
0:00:02.700245,15,0.6240435838699341,0.6430234313011169,-0.031508058309555054 
0:00:02.700245,16,0.6394467949867249,0.6504263281822205,-0.02438495308160782 
0:00:02.700245,17,0.6481993198394775,0.7008233070373535,-0.031727321445941925 
0:00:02.700245,18,0.6130284070968628,0.6675719618797302,-0.03525809571146965 
0:00:02.700245,19,0.6237655282020569,0.6627219915390015,-0.028072498738765717 
0:00:02.700245,20,0.6366581320762634,0.6704333424568176,-0.022714389488101006 
0:00:02.756302,0,0.7111738920211792,0.6909103393554688,5.417254200779098e-08 
0:00:02.756302,1,0.703316330909729,0.6370753049850464,-0.008661806583404541 
0:00:02.756302,2,0.6657423973083496,0.6047961711883545,-0.017199214547872543 
0:00:02.756302,3,0.627345860004425,0.6031434535980225,-0.022759435698390007 
0:00:02.756302,4,0.5995855331420898,0.6119383573532104,-0.028452469035983086 
0:00:02.756302,5,0.6714617609977722,0.6067051291465759,-0.035741209983825684 
0:00:02.756302,6,0.6149923205375671,0.5861029028892517,-0.04573402926325798 
0:00:02.756302,7,0.5847047567367554,0.5756646990776062,-0.048029351979494095 
0:00:02.756302,8,0.5608788728713989,0.569921612739563,-0.04898453503847122 
0:00:02.756302,9,0.6626009941101074,0.6433518528938293,-0.03584691882133484 
0:00:02.756302,10,0.6111786961555481,0.6166418194770813,-0.046627528965473175 
0:00:02.756302,11,0.6219335198402405,0.6135011911392212,-0.043525006622076035 
0:00:02.756302,12,0.6396780014038086,0.6202799081802368,-0.040153298527002335 
0:00:02.756302,13,0.6546532511711121,0.6743018627166748,-0.03445734828710556 
0:00:02.756302,14,0.6098882555961609,0.6422812938690186,-0.04063459858298302 
0:00:02.756302,15,0.6218734383583069,0.6387622952461243,-0.031184576451778412 
0:00:02.756302,16,0.6367111802101135,0.6453888416290283,-0.024333635345101357 
0:00:02.756302,17,0.6470509171485901,0.6974812746047974,-0.033513136208057404 
0:00:02.756302,18,0.6112213730812073,0.6652098894119263,-0.03605468571186066 
0:00:02.756302,19,0.6210516691207886,0.6588574051856995,-0.02869269624352455 
0:00:02.756302,20,0.6333932280540466,0.6650930643081665,-0.023474549874663353 
0:00:02.808134,0,0.7119680643081665,0.6899521350860596,4.555257504534893e-08 
0:00:02.808134,1,0.7033734917640686,0.636986494064331,-0.008751465938985348 
0:00:02.808134,2,0.6655555963516235,0.6060695052146912,-0.017452871426939964 
0:00:02.808134,3,0.6276537179946899,0.6057490706443787,-0.023363646119832993 
0:00:02.808134,4,0.5996406078338623,0.6143683195114136,-0.0294177383184433 
0:00:02.808134,5,0.6704916954040527,0.6054219603538513,-0.034239016473293304 
0:00:02.808134,6,0.6149753928184509,0.585669994354248,-0.04418528825044632 
0:00:02.808134,7,0.5851388573646545,0.5758635997772217,-0.046938713639974594 
0:00:02.808134,8,0.5613162517547607,0.5707237720489502,-0.04834194481372833 
0:00:02.808134,9,0.6620613932609558,0.6421521902084351,-0.03455442562699318 
0:00:02.808134,10,0.611136257648468,0.6166862845420837,-0.04571828618645668 
0:00:02.808134,11,0.6221956610679626,0.6142264008522034,-0.0433364138007164 
0:00:02.808134,12,0.6397940516471863,0.6210871934890747,-0.040408212691545486 
0:00:02.808134,13,0.6543917655944824,0.6736290454864502,-0.033489685505628586 
0:00:02.808134,14,0.6097708344459534,0.642805814743042,-0.040443550795316696 
0:00:02.808134,15,0.622347354888916,0.6402618288993835,-0.0313076451420784 
0:00:02.808134,16,0.6373512744903564,0.6473496556282043,-0.02446756139397621 
0:00:02.808134,17,0.646912693977356,0.6973086595535278,-0.03287933021783829 
0:00:02.808134,18,0.6110624670982361,0.6653360724449158,-0.03600224107503891 
0:00:02.808134,19,0.6214234828948975,0.6603496670722961,-0.028596410527825356 
0:00:02.808134,20,0.6342854499816895,0.667736291885376,-0.023236732929944992 
0:00:02.858662,0,0.7084638476371765,0.690883994102478,6.36976054124716e-08 
0:00:02.858662,1,0.7008897066116333,0.6369878649711609,-0.009571932256221771 
0:00:02.858662,2,0.6624575853347778,0.6038821935653687,-0.01834498718380928 
0:00:02.858662,3,0.6235160231590271,0.6009664535522461,-0.02404032088816166 
0:00:02.858662,4,0.5956905484199524,0.6112567782402039,-0.02975132316350937 
0:00:02.858662,5,0.6686494946479797,0.6076154112815857,-0.035578906536102295 
0:00:02.858662,6,0.612438440322876,0.5857199430465698,-0.0455998033285141 
0:00:02.858662,7,0.5823537707328796,0.5751638412475586,-0.04793548211455345 
0:00:02.858662,8,0.5583409070968628,0.5693886280059814,-0.04895428195595741 
0:00:02.858662,9,0.6594881415367126,0.6441636681556702,-0.035171594470739365 
0:00:02.858662,10,0.6077103018760681,0.616166353225708,-0.04693096503615379 
0:00:02.858662,11,0.6188331842422485,0.6126396656036377,-0.04449302703142166 
0:00:02.858662,12,0.636750340461731,0.619185745716095,-0.041207607835531235 
0:00:02.858662,13,0.65082186460495,0.6746470928192139,-0.033298831433057785 
0:00:02.858662,14,0.6062659025192261,0.6415778994560242,-0.040148865431547165 
0:00:02.858662,15,0.6188297867774963,0.6384755373001099,-0.030895454809069633 
0:00:02.858662,16,0.6338779926300049,0.6456660032272339,-0.023908494040369987 
0:00:02.858662,17,0.642319917678833,0.696961522102356,-0.03196978196501732 
0:00:02.858662,18,0.60804682970047,0.6639596819877625,-0.034802842885255814 
0:00:02.858662,19,0.6185062527656555,0.6586375832557678,-0.02765508182346821 
0:00:02.858662,20,0.6307755708694458,0.665682315826416,-0.022517764940857887 
0:00:02.904012,0,0.7085335850715637,0.6901242136955261,5.501343736113995e-08 
0:00:02.904012,1,0.7003129124641418,0.6365926861763,-0.009129391983151436 
0:00:02.904012,2,0.6621606349945068,0.6052626371383667,-0.017640646547079086 
0:00:02.904012,3,0.6243413686752319,0.6036891341209412,-0.023030193522572517 
0:00:02.904012,4,0.5964346528053284,0.6120129823684692,-0.028472159057855606 
0:00:02.904012,5,0.6675423979759216,0.6063493490219116,-0.035348810255527496 
0:00:02.904012,6,0.6119510531425476,0.585304856300354,-0.04478823393583298 
0:00:02.904012,7,0.5821630358695984,0.5751323699951172,-0.046813420951366425 
0:00:02.904012,8,0.5583728551864624,0.5697758197784424,-0.047655317932367325 
0:00:02.904012,9,0.6589283347129822,0.6429131627082825,-0.03503794223070145 
0:00:02.904012,10,0.6074568629264832,0.6157326102256775,-0.0455271415412426 
0:00:02.904012,11,0.6183532476425171,0.6122336387634277,-0.04246051609516144 
0:00:02.904012,12,0.6361217498779297,0.6187615990638733,-0.039058469235897064 
0:00:02.904012,13,0.6509292721748352,0.6737543940544128,-0.03326788544654846 
0:00:02.904012,14,0.6065978407859802,0.6417024731636047,-0.03941882401704788 
0:00:02.904012,15,0.6192185282707214,0.6388351917266846,-0.030129965394735336 
0:00:02.904012,16,0.6339987516403198,0.6457366943359375,-0.02334640920162201 
0:00:02.904012,17,0.6430957317352295,0.6963205337524414,-0.03196891397237778 
0:00:02.904012,18,0.6080018877983093,0.6640130877494812,-0.03444058448076248 
0:00:02.904012,19,0.6184734106063843,0.6589062213897705,-0.027086779475212097 
0:00:02.904012,20,0.6308223009109497,0.6659809350967407,-0.021926207467913628 
0:00:02.980966,0,0.7065840363502502,0.6911139488220215,6.156869858386926e-08 
0:00:02.980966,1,0.6993820071220398,0.6378858685493469,-0.009528128430247307 
0:00:02.980966,2,0.6616507768630981,0.6049301624298096,-0.018284710124135017 
0:00:02.980966,3,0.6232513189315796,0.6016458868980408,-0.023829055950045586 
0:00:02.980966,4,0.5954482555389404,0.6112852096557617,-0.029331432655453682 
0:00:02.980966,5,0.667641818523407,0.6083202362060547,-0.036579735577106476 
0:00:02.980966,6,0.6114585399627686,0.5854584574699402,-0.04645274952054024 
0:00:02.980966,7,0.5816539525985718,0.5747146010398865,-0.048483025282621384 
0:00:02.980966,8,0.557720959186554,0.5689141750335693,-0.049288518726825714 
0:00:02.980966,9,0.6583737730979919,0.6445969343185425,-0.0360180027782917 
0:00:02.980966,10,0.6070989966392517,0.6152353286743164,-0.04729726165533066 
0:00:02.980966,11,0.6180809736251831,0.6115721464157104,-0.0442805215716362 
0:00:02.980966,12,0.6356746554374695,0.6179864406585693,-0.040775880217552185 
0:00:02.980966,13,0.6494747400283813,0.6745961904525757,-0.03394998610019684 
0:00:02.980966,14,0.6050980091094971,0.6405253410339355,-0.040331557393074036 
0:00:02.980966,15,0.6175557971000671,0.6375124454498291,-0.03074442781507969 
0:00:02.980966,16,0.6324276924133301,0.6444916725158691,-0.023699691519141197 
0:00:02.980966,17,0.6407204270362854,0.6962552070617676,-0.0324319452047348 
0:00:02.980966,18,0.6065894365310669,0.6621751189231873,-0.03487519174814224 
0:00:02.980966,19,0.6167013645172119,0.6567336916923523,-0.02759753353893757 
0:00:02.980966,20,0.6286247968673706,0.6635921001434326,-0.022495543584227562 
0:00:03.055055,0,0.7066411375999451,0.6910786032676697,5.458743146391498e-08 
0:00:03.055055,1,0.6993741393089294,0.6379902958869934,-0.009012944996356964 
0:00:03.055055,2,0.6617281436920166,0.6058611273765564,-0.017361294478178024 
0:00:03.055055,3,0.6238222122192383,0.6033930778503418,-0.022565394639968872 
0:00:03.055055,4,0.596022367477417,0.6118335127830505,-0.02781311422586441 
0:00:03.055055,5,0.6665928959846497,0.6072936058044434,-0.03564989194273949 
0:00:03.055055,6,0.6109318137168884,0.5852066278457642,-0.04513055831193924 
0:00:03.055055,7,0.5813273191452026,0.5746694803237915,-0.04705837741494179 
0:00:03.055055,8,0.5575641393661499,0.5688848495483398,-0.04783940687775612 
0:00:03.055055,9,0.6574939489364624,0.6434253454208374,-0.03523390367627144 
0:00:03.055055,10,0.6069458723068237,0.6151395440101624,-0.04569493234157562 
0:00:03.055055,11,0.6180202960968018,0.6118160486221313,-0.042384322732686996 
0:00:03.055055,12,0.6355498433113098,0.6184147000312805,-0.038860779255628586 
0:00:03.055055,13,0.6491199135780334,0.6738436222076416,-0.0333450511097908 
0:00:03.055055,14,0.6055139303207397,0.6409897804260254,-0.03930934518575668 
0:00:03.055055,15,0.6182498931884766,0.6383484601974487,-0.029755814000964165 
0:00:03.055055,16,0.6329637169837952,0.6453450918197632,-0.022847769781947136 
0:00:03.055055,17,0.6411747932434082,0.6960043907165527,-0.031939953565597534 
0:00:03.055055,18,0.6068088412284851,0.6629658341407776,-0.03419428691267967 
0:00:03.055055,19,0.6171252727508545,0.657846212387085,-0.026769718155264854 
0:00:03.055055,20,0.6291540861129761,0.664827287197113,-0.021597135812044144 
0:00:03.128652,0,0.7053163647651672,0.6913566589355469,6.186442647049262e-08 
0:00:03.128652,1,0.6983171701431274,0.6379794478416443,-0.008790244348347187 
0:00:03.128652,2,0.6608547568321228,0.6044455766677856,-0.01718081906437874 
0:00:03.128652,3,0.6231846213340759,0.6007411479949951,-0.02255956456065178 
0:00:03.128652,4,0.5959478616714478,0.608512818813324,-0.028071889653801918 
0:00:03.128652,5,0.6657666563987732,0.6083438396453857,-0.03622393682599068 
0:00:03.128652,6,0.6096911430358887,0.5855236649513245,-0.045776963233947754 
0:00:03.128652,7,0.5802131295204163,0.5743806958198547,-0.047478411346673965 
0:00:03.128652,8,0.5566123127937317,0.5680497884750366,-0.048046063631772995 
0:00:03.128652,9,0.6568882465362549,0.6448885202407837,-0.03610499948263168 
0:00:03.128652,10,0.6056886911392212,0.6150805950164795,-0.046971309930086136 
0:00:03.128652,11,0.6166635751724243,0.6111921072006226,-0.04360126703977585 
0:00:03.128652,12,0.6342067718505859,0.6179972290992737,-0.03996015340089798 
0:00:03.128652,13,0.6485651135444641,0.6752212643623352,-0.03443532809615135 
0:00:03.128652,14,0.6048374772071838,0.6408536434173584,-0.0406094565987587 
0:00:03.128652,15,0.6173423528671265,0.6381425857543945,-0.03086795099079609 
0:00:03.128652,16,0.6319675445556641,0.645350456237793,-0.02383754961192608 
0:00:03.128652,17,0.6403846144676208,0.6970233917236328,-0.033229269087314606 
0:00:03.128652,18,0.6061555743217468,0.6630308032035828,-0.035530559718608856 
0:00:03.128652,19,0.6166951060295105,0.6583049893379211,-0.02797977440059185 
0:00:03.128652,20,0.6286965608596802,0.6657977104187012,-0.022788790985941887 
0:00:03.189160,0,0.7055017352104187,0.6912404298782349,5.638752753611698e-08 
0:00:03.189160,1,0.6980632543563843,0.6380127668380737,-0.008883018046617508 
0:00:03.189160,2,0.6604548692703247,0.6046268343925476,-0.016936270520091057 
0:00:03.189160,3,0.6231333613395691,0.6016359925270081,-0.021943487226963043 
0:00:03.189160,4,0.596394956111908,0.609574556350708,-0.027010077610611916 
0:00:03.189160,5,0.665420651435852,0.6079503893852234,-0.035532645881175995 
0:00:03.189160,6,0.6097262501716614,0.5858500003814697,-0.04488494619727135 
0:00:03.189160,7,0.5803536176681519,0.5746631622314453,-0.04650052636861801 
0:00:03.189160,8,0.5567415356636047,0.5682216882705688,-0.04702843725681305 
0:00:03.189160,9,0.6567040085792542,0.6445353031158447,-0.035456668585538864 
0:00:03.189160,10,0.6055739521980286,0.6145824193954468,-0.04622878134250641 
0:00:03.189160,11,0.6169936656951904,0.6111373901367188,-0.04287898540496826 
0:00:03.189160,12,0.6347873210906982,0.6185664534568787,-0.03915928304195404 
0:00:03.189160,13,0.6485471725463867,0.6749867796897888,-0.033889178186655045 
0:00:03.189160,14,0.6048938632011414,0.6409851312637329,-0.040174029767513275 
0:00:03.189160,15,0.6177157759666443,0.6384865641593933,-0.030607519671320915 
0:00:03.189160,16,0.6324195265769958,0.6458727121353149,-0.023575471714138985 
0:00:03.189160,17,0.6405288577079773,0.6971105337142944,-0.03279479965567589 
0:00:03.189160,18,0.6059603691101074,0.6631824374198914,-0.03505885973572731 
0:00:03.189160,19,0.6166955232620239,0.658535361289978,-0.02745872177183628 
0:00:03.189160,20,0.6289376020431519,0.6663013100624084,-0.02222319506108761 
0:00:03.234134,0,0.7047591805458069,0.6908072233200073,5.8995276219775405e-08 
0:00:03.234134,1,0.697856605052948,0.6378257274627686,-0.008906505070626736 
0:00:03.234134,2,0.659805417060852,0.604417085647583,-0.01742458902299404 
0:00:03.234134,3,0.6211125254631042,0.6004543304443359,-0.022873692214488983 
0:00:03.234134,4,0.5935052037239075,0.6100185513496399,-0.028442131355404854 
0:00:03.234134,5,0.6649729609489441,0.6084308624267578,-0.03607848659157753 
0:00:03.234134,6,0.6090130805969238,0.5860701203346252,-0.045784443616867065 
0:00:03.234134,7,0.579460620880127,0.5746113061904907,-0.047733377665281296 
0:00:03.234134,8,0.555889368057251,0.5679808855056763,-0.04852723702788353 
0:00:03.234134,9,0.6559246182441711,0.6448126435279846,-0.035912301391363144 
0:00:03.234134,10,0.6043217182159424,0.6150726079940796,-0.04713119566440582 
0:00:03.234134,11,0.6152600049972534,0.6114038228988647,-0.04413571581244469 
0:00:03.234134,12,0.6329429149627686,0.6186579465866089,-0.04063253104686737 
0:00:03.234134,13,0.6476646065711975,0.6749582290649414,-0.03414490073919296 
0:00:03.234134,14,0.6033712029457092,0.6412313580513,-0.040495943278074265 
0:00:03.234134,15,0.6156696677207947,0.637760579586029,-0.030862199142575264 
0:00:03.234134,16,0.6304766535758972,0.6448500752449036,-0.02381550706923008 
0:00:03.234134,17,0.6396867036819458,0.6967036724090576,-0.032846443355083466 
0:00:03.234134,18,0.6050154566764832,0.6633140444755554,-0.03531121090054512 
0:00:03.234134,19,0.6151463389396667,0.6577054858207703,-0.02788431942462921 
0:00:03.234134,20,0.6270381808280945,0.6646369099617004,-0.02270795777440071 
0:00:03.293294,0,0.7047819495201111,0.6906999945640564,5.572770689354911e-08 
0:00:03.293294,1,0.697629451751709,0.6378163695335388,-0.008837876841425896 
0:00:03.293294,2,0.659558117389679,0.604617714881897,-0.017179619520902634 
0:00:03.293294,3,0.621208131313324,0.6009565591812134,-0.022431349381804466 
0:00:03.293294,4,0.5939152240753174,0.6108129620552063,-0.027802376076579094 
0:00:03.293294,5,0.6647533774375916,0.6081947088241577,-0.0360293872654438 
0:00:03.293294,6,0.6090579032897949,0.5863060355186462,-0.045673929154872894 
0:00:03.293294,7,0.5796546339988708,0.5748935341835022,-0.047563374042510986 
0:00:03.293294,8,0.5561667680740356,0.568244218826294,-0.0483117550611496 
0:00:03.293294,9,0.6560144424438477,0.6445183157920837,-0.035971544682979584 
0:00:03.293294,10,0.6042798757553101,0.6147643327713013,-0.04713189974427223 
0:00:03.293294,11,0.6154521703720093,0.611001193523407,-0.04406428337097168 
0:00:03.293294,12,0.6332837343215942,0.6183121800422668,-0.04046080633997917 
0:00:03.293294,13,0.6480286717414856,0.6747699975967407,-0.034311771392822266 
0:00:03.293294,14,0.6037614345550537,0.6414772868156433,-0.040764614939689636 
0:00:03.293294,15,0.6163336038589478,0.6382011771202087,-0.031166749075055122 
0:00:03.293294,16,0.6311909556388855,0.645384669303894,-0.02405322901904583 
0:00:03.293294,17,0.6403392553329468,0.6967990398406982,-0.03310253471136093 
0:00:03.293294,18,0.6052995324134827,0.6635375022888184,-0.03554288670420647 
0:00:03.293294,19,0.615575909614563,0.6580299139022827,-0.027992580085992813 
0:00:03.293294,20,0.6276633143424988,0.6651814579963684,-0.022718649357557297 
0:00:03.357398,0,0.7042863965034485,0.690537691116333,5.848463757729405e-08 
0:00:03.357398,1,0.6973770260810852,0.6375452280044556,-0.00962834432721138 
0:00:03.357398,2,0.6592193245887756,0.6040818691253662,-0.018317554146051407 
0:00:03.357398,3,0.6205925345420837,0.6004800200462341,-0.02380908839404583 
0:00:03.357398,4,0.5928742289543152,0.610650897026062,-0.02936471253633499 
0:00:03.357398,5,0.6645771861076355,0.6083646416664124,-0.036590997129678726 
0:00:03.357398,6,0.6084495186805725,0.5859242677688599,-0.046300411224365234 
0:00:03.357398,7,0.5789166688919067,0.5748419761657715,-0.04815865680575371 
0:00:03.357398,8,0.5552871227264404,0.5686241388320923,-0.04891619458794594 
0:00:03.357398,9,0.6555123329162598,0.644806444644928,-0.03604554757475853 
0:00:03.357398,10,0.6045135855674744,0.615373432636261,-0.0472547747194767 
0:00:03.357398,11,0.6156690120697021,0.6124586462974548,-0.04417376592755318 
0:00:03.357398,12,0.6331815123558044,0.6198461055755615,-0.04066881537437439 
0:00:03.357398,13,0.6470932960510254,0.674982488155365,-0.03398862108588219 
0:00:03.357398,14,0.6030717492103577,0.6414896249771118,-0.04055409133434296 
0:00:03.357398,15,0.6158279776573181,0.638763427734375,-0.03100181743502617 
0:00:03.357398,16,0.6307640075683594,0.6459848880767822,-0.024001028388738632 
0:00:03.357398,17,0.6387988328933716,0.6968793869018555,-0.03245815262198448 
0:00:03.357398,18,0.604581356048584,0.663189709186554,-0.035278432071208954 
0:00:03.357398,19,0.6151825189590454,0.658190131187439,-0.028141912072896957 
0:00:03.357398,20,0.6272287964820862,0.665297269821167,-0.02316024713218212 
0:00:03.427475,0,0.7045815587043762,0.6902855038642883,5.6395677461296145e-08 
0:00:03.427475,1,0.6973767280578613,0.6372836232185364,-0.00915915984660387 
0:00:03.427475,2,0.6591331362724304,0.6039733290672302,-0.01752512715756893 
0:00:03.427475,3,0.6208240985870361,0.6009772419929504,-0.022711191326379776 
0:00:03.427475,4,0.5936312079429626,0.6114161014556885,-0.02797870524227619 
0:00:03.427475,5,0.6643602252006531,0.6082171201705933,-0.036487799137830734 
0:00:03.427475,6,0.6083611249923706,0.5861817002296448,-0.04604179039597511 
0:00:03.427475,7,0.5789612531661987,0.5750253200531006,-0.047775886952877045 
0:00:03.427475,8,0.5554003715515137,0.5686628222465515,-0.04844534769654274 
0:00:03.427475,9,0.6555055379867554,0.6446999311447144,-0.03621944412589073 
0:00:03.427475,10,0.6041690707206726,0.6149970293045044,-0.04721720144152641 
0:00:03.427475,11,0.6153709888458252,0.6114655137062073,-0.04394271597266197 
0:00:03.427475,12,0.633032500743866,0.6188175082206726,-0.040302298963069916 
0:00:03.427475,13,0.6473149061203003,0.6749677062034607,-0.034390587359666824 
0:00:03.427475,14,0.6032019257545471,0.6414927840232849,-0.04072389751672745 
0:00:03.427475,15,0.615973949432373,0.6383941173553467,-0.03109458088874817 
0:00:03.427475,16,0.6308490037918091,0.6455474495887756,-0.024059144780039787 
0:00:03.427475,17,0.6393610239028931,0.6969682574272156,-0.03305194899439812 
0:00:03.427475,18,0.6046675443649292,0.663409948348999,-0.03548520430922508 
0:00:03.427475,19,0.6152148246765137,0.6582463383674622,-0.028060339391231537 
0:00:03.427475,20,0.6273699998855591,0.6655840277671814,-0.022945908829569817 
0:00:03.498838,0,0.7041414380073547,0.6901987791061401,6.61237820054339e-08 
0:00:03.498838,1,0.6973990797996521,0.6369466781616211,-0.009886082261800766 
0:00:03.498838,2,0.6583824157714844,0.6037837266921997,-0.018547123298048973 
0:00:03.498838,3,0.6198983788490295,0.600409746170044,-0.023804090917110443 
0:00:03.498838,4,0.5926732420921326,0.6104995608329773,-0.029060879722237587 
0:00:03.498838,5,0.6643446683883667,0.6090396046638489,-0.03809371590614319 
0:00:03.498838,6,0.6073494553565979,0.5862942337989807,-0.0476858876645565 
0:00:03.498838,7,0.5778238773345947,0.5751736760139465,-0.049114249646663666 
0:00:03.498838,8,0.5540806651115417,0.5691179633140564,-0.0495644137263298 
0:00:03.498838,9,0.655239999294281,0.645757794380188,-0.03727651759982109 
0:00:03.498838,10,0.603248655796051,0.6155273914337158,-0.04844885319471359 
0:00:03.498838,11,0.6145884990692139,0.6111880540847778,-0.04490848630666733 
0:00:03.498838,12,0.6323217749595642,0.618261456489563,-0.0411188118159771 
0:00:03.498838,13,0.6466829180717468,0.6757782697677612,-0.03489180654287338 
0:00:03.498838,14,0.6020252704620361,0.6412157416343689,-0.041199274361133575 
0:00:03.498838,15,0.6151841878890991,0.6375370025634766,-0.03144743666052818 
0:00:03.498838,16,0.6301977634429932,0.6446974873542786,-0.024426210671663284 
0:00:03.498838,17,0.6382865309715271,0.6969600319862366,-0.03304982930421829 
0:00:03.498838,18,0.6038997173309326,0.6628930568695068,-0.035542502999305725 
0:00:03.498838,19,0.614809513092041,0.6575303077697754,-0.02836427465081215 
0:00:03.498838,20,0.6269494891166687,0.6648210287094116,-0.02351638302206993 
0:00:03.579112,0,0.7045080065727234,0.6898868083953857,6.49700595545255e-08 
0:00:03.579112,1,0.6967639327049255,0.6367073655128479,-0.009306451305747032 
0:00:03.579112,2,0.6580647826194763,0.6034964323043823,-0.01774868555366993 
0:00:03.579112,3,0.6204626560211182,0.6010352373123169,-0.02294902317225933 
0:00:03.579112,4,0.5937702059745789,0.6106913685798645,-0.028257593512535095 
0:00:03.579112,5,0.6635532379150391,0.6081804633140564,-0.037785254418849945 
0:00:03.579112,6,0.6069912314414978,0.5862827301025391,-0.04733804240822792 
0:00:03.579112,7,0.5777220129966736,0.5753030180931091,-0.048736415803432465 
0:00:03.579112,8,0.5542293787002563,0.5689229369163513,-0.0491238497197628 
0:00:03.579112,9,0.6548728942871094,0.6450208425521851,-0.03741501644253731 
0:00:03.579112,10,0.6030646562576294,0.6152879595756531,-0.04850583150982857 
0:00:03.579112,11,0.6145754456520081,0.610561728477478,-0.04492545872926712 
0:00:03.579112,12,0.6325621604919434,0.6174337863922119,-0.04106593132019043 
0:00:03.579112,13,0.6469532251358032,0.6754278540611267,-0.03543561324477196 
0:00:03.579112,14,0.6025707125663757,0.6416279077529907,-0.04166058450937271 
0:00:03.579112,15,0.6158566474914551,0.6376521587371826,-0.03193793445825577 
0:00:03.579112,16,0.6310239434242249,0.6445773243904114,-0.02488175593316555 
0:00:03.579112,17,0.6393060684204102,0.6971341371536255,-0.03394146263599396 
0:00:03.579112,18,0.6041831374168396,0.6637150645256042,-0.03616528585553169 
0:00:03.579112,19,0.6150467395782471,0.6578956842422485,-0.028681349009275436 
0:00:03.579112,20,0.6274921298027039,0.6651224493980408,-0.023609250783920288 
0:00:03.639650,0,0.7042240500450134,0.6901342272758484,5.840639616394583e-08 
0:00:03.639650,1,0.6969243884086609,0.6366705894470215,-0.009557755663990974 
0:00:03.639650,2,0.6577343940734863,0.6028808951377869,-0.017941543832421303 
0:00:03.639650,3,0.61949622631073,0.6001266241073608,-0.02299710363149643 
0:00:03.639650,4,0.5924771428108215,0.6110649108886719,-0.02816161885857582 
0:00:03.639650,5,0.6633738875389099,0.6085829734802246,-0.037796229124069214 
0:00:03.639650,6,0.6066917181015015,0.5863633155822754,-0.04715315252542496 
0:00:03.639650,7,0.5774771571159363,0.5753099322319031,-0.0483192577958107 
0:00:03.639650,8,0.5540190935134888,0.5688465237617493,-0.04857882857322693 
0:00:03.639650,9,0.6548128724098206,0.645537793636322,-0.037203121930360794 
0:00:03.639650,10,0.6029083132743835,0.6153638362884521,-0.04826884716749191 
0:00:03.639650,11,0.6148425936698914,0.6111938953399658,-0.04457761347293854 
0:00:03.639650,12,0.6330119967460632,0.6182652711868286,-0.04059406742453575 
0:00:03.639650,13,0.6468878984451294,0.6757776737213135,-0.03499046340584755 
0:00:03.639650,14,0.6024987101554871,0.6418701410293579,-0.04137304052710533 
0:00:03.639650,15,0.6161363124847412,0.6383533477783203,-0.031611960381269455 
0:00:03.639650,16,0.6314218044281006,0.6453965902328491,-0.02448243834078312 
0:00:03.639650,17,0.639140784740448,0.6971940398216248,-0.033256612718105316 
0:00:03.639650,18,0.6040496826171875,0.6636406183242798,-0.035673610866069794 
0:00:03.639650,19,0.6152934432029724,0.658302903175354,-0.02823052741587162 
0:00:03.639650,20,0.6279090046882629,0.6656509041786194,-0.02318103052675724 
0:00:03.704850,0,0.7041549682617188,0.6901770830154419,5.766986888033898e-08 
0:00:03.704850,1,0.6968874931335449,0.636669397354126,-0.009665845893323421 
0:00:03.704850,2,0.6577766537666321,0.6028753519058228,-0.01800002157688141 
0:00:03.704850,3,0.6195517778396606,0.6004174947738647,-0.02300041913986206 
0:00:03.704850,4,0.5925320386886597,0.6113156676292419,-0.028098763898015022 
0:00:03.704850,5,0.6632107496261597,0.6084223389625549,-0.03755379095673561 
0:00:03.704850,6,0.6066755056381226,0.5864144563674927,-0.04688550904393196 
0:00:03.704850,7,0.5774811506271362,0.5754289627075195,-0.04811028763651848 
0:00:03.704850,8,0.5540490746498108,0.5689746141433716,-0.04841651767492294 
0:00:03.704850,9,0.6546266674995422,0.645402729511261,-0.03692908585071564 
0:00:03.704850,10,0.6029424071311951,0.615390419960022,-0.04793233424425125 
0:00:03.704850,11,0.6148661971092224,0.6112614274024963,-0.04431089758872986 
0:00:03.704850,12,0.6330224871635437,0.6183769702911377,-0.04038352146744728 
0:00:03.704850,13,0.6467370390892029,0.6757051944732666,-0.03472159057855606 
0:00:03.704850,14,0.6025329232215881,0.6419304013252258,-0.041099663823843 
0:00:03.704850,15,0.6161420941352844,0.6384651064872742,-0.03143015131354332 
0:00:03.704850,16,0.6313558220863342,0.6455228924751282,-0.024361347779631615 
0:00:03.704850,17,0.6390344500541687,0.6972207427024841,-0.033006273210048676 
0:00:03.704850,18,0.6040201783180237,0.6637001633644104,-0.03540067374706268 
0:00:03.704850,19,0.615253746509552,0.6584312319755554,-0.02796567603945732 
0:00:03.704850,20,0.6278596520423889,0.6658624410629272,-0.02292679250240326 
0:00:03.783901,0,0.7032057642936707,0.6911000609397888,6.601367630310051e-08 
0:00:03.783901,1,0.6961461901664734,0.6374034285545349,-0.00993418414145708 
0:00:03.783901,2,0.6577886343002319,0.6033599972724915,-0.01840572990477085 
0:00:03.783901,3,0.6190088987350464,0.5995807647705078,-0.023562908172607422 
0:00:03.783901,4,0.5913153290748596,0.6096366047859192,-0.028709549456834793 
0:00:03.783901,5,0.6635174751281738,0.6090517640113831,-0.0366392582654953 
0:00:03.783901,6,0.6069299578666687,0.5865798592567444,-0.04594840854406357 
0:00:03.783901,7,0.577502429485321,0.5749146342277527,-0.047388941049575806 
0:00:03.783901,8,0.5540220737457275,0.56810063123703,-0.04782973602414131 
0:00:03.783901,9,0.6544879078865051,0.6454576849937439,-0.03582940250635147 
0:00:03.783901,10,0.6025303602218628,0.6149157881736755,-0.04688921570777893 
0:00:03.783901,11,0.6138588786125183,0.610340416431427,-0.04371533915400505 
0:00:03.783901,12,0.6318643689155579,0.6172773241996765,-0.039989203214645386 
0:00:03.783901,13,0.645943820476532,0.6754058003425598,-0.03347951918840408 
0:00:03.783901,14,0.6015352010726929,0.6408916115760803,-0.03994188830256462 
0:00:03.783901,15,0.6146355867385864,0.6377225518226624,-0.030501846224069595 
0:00:03.783901,16,0.6298035979270935,0.6451731324195862,-0.023461194708943367 
0:00:03.783901,17,0.637356162071228,0.697036623954773,-0.03167427331209183 
0:00:03.783901,18,0.6029703617095947,0.6632677912712097,-0.0343802385032177 
0:00:03.783901,19,0.6137579679489136,0.6579686999320984,-0.027339227497577667 
0:00:03.783901,20,0.6259990334510803,0.6653251051902771,-0.022400658577680588 
0:00:03.842908,0,0.703406810760498,0.6908360719680786,6.349532810645542e-08 
0:00:03.842908,1,0.6959298849105835,0.6374514698982239,-0.009759929031133652 
0:00:03.842908,2,0.6579331755638123,0.6045538783073425,-0.01821732334792614 
0:00:03.842908,3,0.6196781992912292,0.6014097332954407,-0.023415040224790573 
0:00:03.842908,4,0.5917917490005493,0.6100521087646484,-0.02859591133892536 
0:00:03.842908,5,0.6631375551223755,0.6082664728164673,-0.03581250458955765 
0:00:03.842908,6,0.6071164011955261,0.5861002802848816,-0.0451195202767849 
0:00:03.842908,7,0.5774950981140137,0.5746696591377258,-0.04680433124303818 
0:00:03.842908,8,0.553781270980835,0.5681813955307007,-0.047426775097846985 
0:00:03.842908,9,0.6541890501976013,0.6445565223693848,-0.03510482236742973 
0:00:03.842908,10,0.6030718684196472,0.6147512793540955,-0.0458667054772377 
0:00:03.842908,11,0.6144034266471863,0.610607922077179,-0.04273681342601776 
0:00:03.842908,12,0.6323304176330566,0.6177698969841003,-0.03910907730460167 
0:00:03.842908,13,0.6459177732467651,0.674847424030304,-0.03294230252504349 
0:00:03.842908,14,0.6018683314323425,0.6411264538764954,-0.03935004770755768 
0:00:03.842908,15,0.6149134039878845,0.6380428075790405,-0.03002777136862278 
0:00:03.842908,16,0.6299312710762024,0.6453785300254822,-0.02303900010883808 
0:00:03.842908,17,0.6377237439155579,0.6969428062438965,-0.03130273148417473 
0:00:03.842908,18,0.6030157208442688,0.6634994745254517,-0.03404984623193741 
0:00:03.842908,19,0.6136313676834106,0.6578803062438965,-0.026977578178048134 
0:00:03.842908,20,0.6257420182228088,0.664880096912384,-0.021944142878055573 
0:00:03.892527,0,0.7029469013214111,0.6907835006713867,6.84753302948593e-08 
0:00:03.892527,1,0.6953564286231995,0.6366913318634033,-0.009818928316235542 
0:00:03.892527,2,0.6567125916481018,0.6035826206207275,-0.01813775859773159 
0:00:03.892527,3,0.6180626749992371,0.6008815169334412,-0.0233442522585392 
0:00:03.892527,4,0.5903058648109436,0.610639214515686,-0.02852536179125309 
0:00:03.892527,5,0.6613847017288208,0.6076446771621704,-0.03443639352917671 
0:00:03.892527,6,0.6053950190544128,0.5860548615455627,-0.043629251420497894 
0:00:03.892527,7,0.5761393308639526,0.5749755501747131,-0.04548896104097366 
0:00:03.892527,8,0.5527767539024353,0.5685287714004517,-0.04626764357089996 
0:00:03.892527,9,0.6524836421012878,0.643925666809082,-0.03369440883398056 
0:00:03.892527,10,0.601924479007721,0.615554928779602,-0.04446065053343773 
0:00:03.892527,11,0.6131081581115723,0.6118806004524231,-0.041664477437734604 
0:00:03.892527,12,0.6306442618370056,0.6189029216766357,-0.038323137909173965 
0:00:03.892527,13,0.6441725492477417,0.674315333366394,-0.03162625432014465 
0:00:03.892527,14,0.6005063652992249,0.6413243412971497,-0.03799254819750786 
0:00:03.892527,15,0.6132459044456482,0.638524055480957,-0.028944088146090508 
0:00:03.892527,16,0.6280535459518433,0.6458756923675537,-0.022233184427022934 
0:00:03.892527,17,0.6357893943786621,0.6965052485466003,-0.03013417311012745 
0:00:03.892527,18,0.6021612286567688,0.663267195224762,-0.03283308818936348 
0:00:03.892527,19,0.6127601861953735,0.6581986546516418,-0.026018859818577766 
0:00:03.892527,20,0.624697208404541,0.6654209494590759,-0.021233893930912018 
0:00:03.963194,0,0.7035338878631592,0.691005527973175,6.093723925459926e-08 
0:00:03.963194,1,0.6957095265388489,0.6367197632789612,-0.009428433142602444 
0:00:03.963194,2,0.6565626859664917,0.6034391522407532,-0.01746954955160618 
0:00:03.963194,3,0.6179941892623901,0.6015657186508179,-0.02233189158141613 
0:00:03.963194,4,0.5906786322593689,0.6116767525672913,-0.027203837409615517 
0:00:03.963194,5,0.6615359783172607,0.6076568961143494,-0.03518759086728096 
0:00:03.963194,6,0.6052457690238953,0.5862061977386475,-0.04428013786673546 
0:00:03.963194,7,0.5759259462356567,0.5751388669013977,-0.04585206136107445 
0:00:03.963194,8,0.5525256991386414,0.5685473680496216,-0.04641512781381607 
0:00:03.963194,9,0.6528043746948242,0.6443799734115601,-0.034669797867536545 
0:00:03.963194,10,0.6013391017913818,0.615199089050293,-0.04524042084813118 
0:00:03.963194,11,0.6127676963806152,0.6112242341041565,-0.04206297546625137 
0:00:03.963194,12,0.6307439208030701,0.6184428334236145,-0.038460880517959595 
0:00:03.963194,13,0.6448001861572266,0.6750279068946838,-0.03271509334445 
0:00:03.963194,14,0.6004866361618042,0.6417706608772278,-0.038824860006570816 
0:00:03.963194,15,0.6135573387145996,0.6381189227104187,-0.029612557962536812 
0:00:03.963194,16,0.6285892128944397,0.6451278328895569,-0.022837987169623375 
0:00:03.963194,17,0.6369708180427551,0.6971646547317505,-0.03128686919808388 
0:00:03.963194,18,0.6021305322647095,0.6637563705444336,-0.03356941044330597 
0:00:03.963194,19,0.6126762628555298,0.6576144099235535,-0.026419878005981445 
0:00:03.963194,20,0.6248511672019958,0.6644521951675415,-0.021513601765036583 
