time,index,x_angle,y_angle,z_angle,x,y,z,pose_id
0:00:00.224465,0,0.5071442723274231,0.2627072334289551,-0.9428900480270386,CLASS 
0:00:00.224465,1,0.5293761491775513,0.22322732210159302,-0.8845193982124329,CLASS 
0:00:00.224465,2,0.541591465473175,0.22352451086044312,-0.8847716450691223,CLASS 
0:00:00.224465,3,0.5552082061767578,0.22464710474014282,-0.8842985033988953,CLASS 
0:00:00.224465,4,0.48225918412208557,0.2251397967338562,-0.8944395780563354,CLASS 
0:00:00.224465,5,0.4672664701938629,0.22727209329605103,-0.8945714831352234,CLASS 
0:00:00.224465,6,0.4536672532558441,0.23030322790145874,-0.8950847387313843,CLASS 
0:00:00.224465,7,0.5760589838027954,0.25048965215682983,-0.4863413870334625,CLASS 
0:00:00.224465,8,0.43936261534690857,0.2620224356651306,-0.5273968577384949,CLASS 
0:00:00.224465,9,0.5355892181396484,0.31317806243896484,-0.7949376106262207,CLASS 
0:00:00.224465,10,0.47948259115219116,0.31542539596557617,-0.8085185885429382,CLASS 
0:00:00.224465,11,0.6716921329498291,0.5350107550621033,-0.19364222884178162,CLASS 
0:00:00.224465,12,0.3561854958534241,0.5368223190307617,-0.29743877053260803,CLASS 
0:00:00.224465,13,0.7533767223358154,0.9342620372772217,-0.6257420182228088,CLASS 
0:00:00.224465,14,0.26309990882873535,0.9384009838104248,-0.6984232068061829,CLASS 
0:00:00.224465,15,0.6966418027877808,0.6987927556037903,-1.4993618726730347,CLASS 
0:00:00.224465,16,0.3472861051559448,0.7117601633071899,-1.5523608922958374,CLASS 
0:00:00.224465,17,0.6585887670516968,0.6423501372337341,-1.645953893661499,CLASS 
0:00:00.224465,18,0.38430240750312805,0.6537363529205322,-1.6937510967254639,CLASS 
0:00:00.224465,19,0.6560003757476807,0.5930736660957336,-1.5920369625091553,CLASS 
0:00:00.224465,20,0.3845193386077881,0.6047874689102173,-1.6637989282608032,CLASS 
0:00:00.224465,21,0.6571211814880371,0.607184112071991,-1.4950189590454102,CLASS 
0:00:00.224465,22,0.3833194673061371,0.6150262951850891,-1.5538275241851807,CLASS 
0:00:00.224465,23,0.612947940826416,1.110310435295105,-0.0025094635784626007,CLASS 
0:00:00.224465,24,0.39403900504112244,1.1087405681610107,0.004874091129750013,CLASS 
0:00:00.224465,25,0.6140456795692444,1.5458282232284546,0.05519744008779526,CLASS 
0:00:00.224465,26,0.4089413583278656,1.5308202505111694,0.021398993209004402,CLASS 
0:00:00.224465,27,0.615210771560669,1.9243409633636475,0.5902717113494873,CLASS 
0:00:00.224465,28,0.4230530261993408,1.9125785827636719,0.47330766916275024,CLASS 
0:00:00.224465,29,0.6207844018936157,1.9813296794891357,0.6117825508117676,CLASS 
0:00:00.224465,30,0.4153372645378113,1.9729156494140625,0.5013988614082336,CLASS 
0:00:00.224465,31,0.5890560150146484,2.0542356967926025,0.14186514914035797,CLASS 
0:00:00.224465,32,0.4646582007408142,2.034843921661377,0.0016412092372775078,CLASS 
0:00:00.276303,0,0.506260335445404,0.2618770897388458,-0.802998423576355,CLASS 
0:00:00.276303,1,0.5293384790420532,0.22084996104240417,-0.742984414100647,CLASS 
0:00:00.276303,2,0.5417777299880981,0.22077743709087372,-0.743269681930542,CLASS 
0:00:00.276303,3,0.555142343044281,0.22108194231987,-0.7427626848220825,CLASS 
0:00:00.276303,4,0.4816862940788269,0.22405299544334412,-0.7512335777282715,CLASS 
0:00:00.276303,5,0.46649909019470215,0.22654011845588684,-0.7512736320495605,CLASS 
0:00:00.276303,6,0.45365944504737854,0.2291543185710907,-0.7518539428710938,CLASS 
0:00:00.276303,7,0.5761969685554504,0.2486504167318344,-0.3590713441371918,CLASS 
0:00:00.276303,8,0.43937841057777405,0.2611609697341919,-0.38933026790618896,CLASS 
0:00:00.276303,9,0.5355526208877563,0.313204288482666,-0.661342442035675,CLASS 
0:00:00.276303,10,0.4787918031215668,0.31542322039604187,-0.6718279123306274,CLASS 
0:00:00.276303,11,0.6717983484268188,0.534974992275238,-0.08188693970441818,CLASS 
0:00:00.276303,12,0.35781800746917725,0.5368212461471558,-0.19579313695430756,CLASS 
0:00:00.276303,13,0.753361701965332,0.9334505796432495,-0.5091166496276855,CLASS 
0:00:00.276303,14,0.2629619240760803,0.9384030699729919,-0.6078516244888306,CLASS 
0:00:00.276303,15,0.6957195997238159,0.6834220290184021,-1.3380672931671143,CLASS 
0:00:00.276303,16,0.34739238023757935,0.7114056348800659,-1.432444453239441,CLASS 
0:00:00.276303,17,0.6574453115463257,0.6272197961807251,-1.4769935607910156,CLASS 
0:00:00.276303,18,0.38444337248802185,0.6532389521598816,-1.5704681873321533,CLASS 
0:00:00.276303,19,0.6536158323287964,0.5805350542068481,-1.4165173768997192,CLASS 
0:00:00.276303,20,0.38533586263656616,0.6049931645393372,-1.5419350862503052,CLASS 
0:00:00.276303,21,0.6550855040550232,0.5963538289070129,-1.3295165300369263,CLASS 
0:00:00.276303,22,0.3835769295692444,0.6163448691368103,-1.4348224401474,CLASS 
0:00:00.276303,23,0.6130667924880981,1.1118305921554565,0.004970829468220472,CLASS 
0:00:00.276303,24,0.3937886357307434,1.108720064163208,-0.0025995937176048756,CLASS 
0:00:00.276303,25,0.6113643646240234,1.5526033639907837,0.055097807198762894,CLASS 
0:00:00.276303,26,0.4034586548805237,1.5328545570373535,-0.01646103896200657,CLASS 
0:00:00.276303,27,0.6041367650032043,1.9358199834823608,0.5625777840614319,CLASS 
0:00:00.276303,28,0.40692272782325745,1.9250701665878296,0.3789120316505432,CLASS 
0:00:00.276303,29,0.6086751222610474,1.9898406267166138,0.582277238368988,CLASS 
0:00:00.276303,30,0.3976650536060333,1.9846184253692627,0.4018777012825012,CLASS 
0:00:00.276303,31,0.5771395564079285,2.063826084136963,0.11848008632659912,CLASS 
0:00:00.276303,32,0.44486337900161743,2.0449655055999756,-0.10019616037607193,CLASS 
0:00:00.324617,0,0.505533754825592,0.26154157519340515,-0.8152543306350708,CLASS 
0:00:00.324617,1,0.5292959809303284,0.2192847728729248,-0.7550634741783142,CLASS 
0:00:00.324617,2,0.5419353246688843,0.2188064604997635,-0.7553905248641968,CLASS 
0:00:00.324617,3,0.5550981760025024,0.21845775842666626,-0.7548697590827942,CLASS 
0:00:00.324617,4,0.4810827374458313,0.22370192408561707,-0.7620150446891785,CLASS 
0:00:00.324617,5,0.46573585271835327,0.22638648748397827,-0.762043833732605,CLASS 
0:00:00.324617,6,0.4536162316799164,0.22885705530643463,-0.7626348733901978,CLASS 
0:00:00.324617,7,0.5763386487960815,0.24693141877651215,-0.36690402030944824,CLASS 
0:00:00.324617,8,0.4393748342990875,0.26079365611076355,-0.3909321427345276,CLASS 
0:00:00.324617,9,0.5355023145675659,0.31323668360710144,-0.6720526218414307,CLASS 
0:00:00.324617,10,0.47819632291793823,0.31543484330177307,-0.6809571981430054,CLASS 
0:00:00.324617,11,0.6723629832267761,0.5346739888191223,-0.08714980632066727,CLASS 
0:00:00.324617,12,0.35868191719055176,0.536814272403717,-0.18868663907051086,CLASS 
0:00:00.324617,13,0.7532259821891785,0.9332438111305237,-0.5161826014518738,CLASS 
0:00:00.324617,14,0.26278412342071533,0.9382066130638123,-0.6033138036727905,CLASS 
0:00:00.324617,15,0.6944338083267212,0.6816767454147339,-1.34939706325531,CLASS 
0:00:00.324617,16,0.34739312529563904,0.7114142775535583,-1.4466955661773682,CLASS 
0:00:00.324617,17,0.6555003523826599,0.6258247494697571,-1.4888728857040405,CLASS 
0:00:00.324617,18,0.3846169114112854,0.6530432105064392,-1.58628511428833,CLASS 
0:00:00.324617,19,0.6519299745559692,0.5796564817428589,-1.428504467010498,CLASS 
0:00:00.324617,20,0.3862067461013794,0.6054356098175049,-1.5576882362365723,CLASS 
0:00:00.324617,21,0.6539586782455444,0.5962626338005066,-1.3407225608825684,CLASS 
0:00:00.324617,22,0.3839401304721832,0.6177893877029419,-1.4495184421539307,CLASS 
0:00:00.324617,23,0.6136461496353149,1.116165280342102,0.005114463157951832,CLASS 
0:00:00.324617,24,0.393585741519928,1.109869360923767,-0.0027388513553887606,CLASS 
0:00:00.324617,25,0.6101981997489929,1.5621939897537231,0.054994456470012665,CLASS 
0:00:00.324617,26,0.4004709720611572,1.5383771657943726,-0.015759428963065147,CLASS 
0:00:00.324617,27,0.5994135141372681,1.947164535522461,0.5614324808120728,CLASS 
0:00:00.324617,28,0.4011174142360687,1.9357503652572632,0.39046454429626465,CLASS 
0:00:00.324617,29,0.6031221151351929,2.00058650970459,0.581413984298706,CLASS 
0:00:00.324617,30,0.3918646574020386,1.9958783388137817,0.4148101806640625,CLASS 
0:00:00.324617,31,0.5722712874412537,2.075608730316162,0.1161593347787857,CLASS 
0:00:00.324617,32,0.43825238943099976,2.054947853088379,-0.08776186406612396,CLASS 
0:00:00.372734,0,0.5050241351127625,0.2612752914428711,-0.8334792852401733,CLASS 
0:00:00.372734,1,0.52923583984375,0.2179582118988037,-0.7742905020713806,CLASS 
0:00:00.372734,2,0.5420323610305786,0.21715977787971497,-0.7746320962905884,CLASS 
0:00:00.372734,3,0.5550182461738586,0.216366708278656,-0.774138331413269,CLASS 
0:00:00.372734,4,0.4806775152683258,0.22341986000537872,-0.781229555606842,CLASS 
0:00:00.372734,5,0.4652155339717865,0.22625428438186646,-0.7812968492507935,CLASS 
0:00:00.372734,6,0.45358696579933167,0.22860971093177795,-0.7818797826766968,CLASS 
0:00:00.372734,7,0.5763822793960571,0.24545933306217194,-0.38602524995803833,CLASS 
0:00:00.372734,8,0.439362108707428,0.26039889454841614,-0.4103902280330658,CLASS 
0:00:00.372734,9,0.5353652238845825,0.31328287720680237,-0.6896964311599731,CLASS 
0:00:00.372734,10,0.4777379631996155,0.3154568374156952,-0.6986943483352661,CLASS 
0:00:00.372734,11,0.6731762290000916,0.5339058637619019,-0.10438873618841171,CLASS 
0:00:00.372734,12,0.35918739438056946,0.536685585975647,-0.19933167099952698,CLASS 
0:00:00.372734,13,0.7529287338256836,0.9332403540611267,-0.5280857682228088,CLASS 
0:00:00.372734,14,0.2627253830432892,0.9377943277359009,-0.6100460290908813,CLASS 
0:00:00.372734,15,0.6940522789955139,0.6811055541038513,-1.3611615896224976,CLASS 
0:00:00.372734,16,0.3474692106246948,0.7113460302352905,-1.4590184688568115,CLASS 
0:00:00.372734,17,0.6548932790756226,0.6255689859390259,-1.5014227628707886,CLASS 
0:00:00.372734,18,0.38585910201072693,0.6530262231826782,-1.6000993251800537,CLASS 
0:00:00.372734,19,0.6514276266098022,0.5796173810958862,-1.4450743198394775,CLASS 
0:00:00.372734,20,0.3878757059574127,0.6058051586151123,-1.5716421604156494,CLASS 
0:00:00.372734,21,0.6537721753120422,0.5964844226837158,-1.353993535041809,CLASS 
0:00:00.372734,22,0.38460788130760193,0.6185335516929626,-1.4617661237716675,CLASS 
0:00:00.372734,23,0.615435004234314,1.1165008544921875,0.004837184213101864,CLASS 
0:00:00.372734,24,0.3942755162715912,1.1101552248001099,-0.0025092740543186665,CLASS 
0:00:00.372734,25,0.610376238822937,1.563604474067688,0.05717845633625984,CLASS 
0:00:00.372734,26,0.4006599485874176,1.5407685041427612,-0.013600701466202736,CLASS 
0:00:00.372734,27,0.6003556847572327,1.9493186473846436,0.5642957091331482,CLASS 
0:00:00.372734,28,0.4027768075466156,1.9387589693069458,0.40673884749412537,CLASS 
0:00:00.372734,29,0.6042442321777344,2.002603530883789,0.5845131278038025,CLASS 
0:00:00.372734,30,0.3938864767551422,1.9982479810714722,0.4320913851261139,CLASS 
0:00:00.372734,31,0.5733551383018494,2.0780105590820312,0.11792965978384018,CLASS 
0:00:00.372734,32,0.4405044913291931,2.058784246444702,-0.0690087303519249,CLASS 
0:00:00.421003,0,0.5048831105232239,0.26025664806365967,-0.8149711489677429,CLASS 
0:00:00.421003,1,0.5292388200759888,0.21607354283332825,-0.7547845840454102,CLASS 
0:00:00.421003,2,0.5422114729881287,0.21513889729976654,-0.755111575126648,CLASS 
0:00:00.421003,3,0.555007815361023,0.21410991251468658,-0.7546199560165405,CLASS 
0:00:00.421003,4,0.4806004464626312,0.22234711050987244,-0.7633118033409119,CLASS 
0:00:00.421003,5,0.465090811252594,0.22547346353530884,-0.7634164094924927,CLASS 
0:00:00.421003,6,0.45359110832214355,0.22768767178058624,-0.7640225291252136,CLASS 
0:00:00.421003,7,0.5764281749725342,0.24397189915180206,-0.36748582124710083,CLASS 
0:00:00.421003,8,0.4393981993198395,0.25925153493881226,-0.39891883730888367,CLASS 
0:00:00.421003,9,0.535356879234314,0.3132091164588928,-0.6714676022529602,CLASS 
0:00:00.421003,10,0.47751322388648987,0.3153616189956665,-0.6824160814285278,CLASS 
0:00:00.421003,11,0.6735843420028687,0.5334646105766296,-0.08443277329206467,CLASS 
0:00:00.421003,12,0.3594236969947815,0.5364490747451782,-0.19740472733974457,CLASS 
0:00:00.421003,13,0.7518620491027832,0.9332209825515747,-0.5119678378105164,CLASS 
0:00:00.421003,14,0.2627398669719696,0.9374533295631409,-0.6110658049583435,CLASS 
0:00:00.421003,15,0.6940244436264038,0.6799312233924866,-1.3432424068450928,CLASS 
0:00:00.421003,16,0.34788843989372253,0.7098937630653381,-1.4524027109146118,CLASS 
0:00:00.421003,17,0.6547753214836121,0.6243422031402588,-1.4809348583221436,CLASS 
0:00:00.421003,18,0.3873763680458069,0.652009904384613,-1.592250108718872,CLASS 
0:00:00.421003,19,0.6512376070022583,0.5782690644264221,-1.423875093460083,CLASS 
0:00:00.421003,20,0.3889288902282715,0.6054324507713318,-1.5629689693450928,CLASS 
0:00:00.421003,21,0.6536614894866943,0.5955738425254822,-1.3359754085540771,CLASS 
0:00:00.421003,22,0.38505345582962036,0.61839759349823,-1.4544848203659058,CLASS 
0:00:00.421003,23,0.6156312227249146,1.1164791584014893,0.006873547099530697,CLASS 
0:00:00.421003,24,0.39430931210517883,1.1100773811340332,-0.004580656532198191,CLASS 
0:00:00.421003,25,0.6102869510650635,1.564127802848816,0.054041147232055664,CLASS 
0:00:00.421003,26,0.40073728561401367,1.5408226251602173,-0.03928021714091301,CLASS 
0:00:00.421003,27,0.6001860499382019,1.950123906135559,0.5449119806289673,CLASS 
0:00:00.421003,28,0.4027822017669678,1.9394619464874268,0.35311657190322876,CLASS 
0:00:00.421003,29,0.6040094494819641,2.0033273696899414,0.5635391473770142,CLASS 
0:00:00.421003,30,0.39403432607650757,1.9991669654846191,0.37527742981910706,CLASS 
0:00:00.421003,31,0.5730366706848145,2.078528881072998,0.09823332726955414,CLASS 
0:00:00.421003,32,0.4397760033607483,2.0588252544403076,-0.12662632763385773,CLASS 
0:00:00.468831,0,0.5048075914382935,0.2595961093902588,-0.8347193002700806,CLASS 
0:00:00.468831,1,0.529258131980896,0.21499304473400116,-0.775292158126831,CLASS 
0:00:00.468831,2,0.5424088835716248,0.2140096127986908,-0.7755899429321289,CLASS 
0:00:00.468831,3,0.5550079941749573,0.2128952592611313,-0.7751049995422363,CLASS 
0:00:00.468831,4,0.4805757403373718,0.22153088450431824,-0.7840074896812439,CLASS 
0:00:00.468831,5,0.4650571346282959,0.2248028665781021,-0.7841039896011353,CLASS 
0:00:00.468831,6,0.45361629128456116,0.22685681283473969,-0.7846716642379761,CLASS 
0:00:00.468831,7,0.5765276551246643,0.2429613471031189,-0.38599634170532227,CLASS 
0:00:00.468831,8,0.4395122528076172,0.258168488740921,-0.41901659965515137,CLASS 
0:00:00.468831,9,0.5353502035140991,0.3131534457206726,-0.690484881401062,CLASS 
0:00:00.468831,10,0.4773635268211365,0.31528523564338684,-0.7019959688186646,CLASS 
0:00:00.468831,11,0.6740787029266357,0.5331898927688599,-0.10163301229476929,CLASS 
0:00:00.468831,12,0.3595306873321533,0.536217987537384,-0.21024417877197266,CLASS 
0:00:00.468831,13,0.7508761286735535,0.9332689046859741,-0.5287070870399475,CLASS 
0:00:00.468831,14,0.2627381682395935,0.9374479055404663,-0.6133459806442261,CLASS 
0:00:00.468831,15,0.6939947605133057,0.6796606183052063,-1.366446852684021,CLASS 
0:00:00.468831,16,0.3481292426586151,0.7097084522247314,-1.464417815208435,CLASS 
0:00:00.468831,17,0.6547619104385376,0.6242755055427551,-1.506408929824829,CLASS 
0:00:00.468831,18,0.38838309049606323,0.6519290208816528,-1.6081616878509521,CLASS 
0:00:00.468831,19,0.6512197256088257,0.5781134963035583,-1.4504754543304443,CLASS 
0:00:00.468831,20,0.38958364725112915,0.605472981929779,-1.5806900262832642,CLASS 
0:00:00.468831,21,0.6536470055580139,0.595569908618927,-1.359806776046753,CLASS 
0:00:00.468831,22,0.3852863311767578,0.6186066269874573,-1.4678503274917603,CLASS 
0:00:00.468831,23,0.6164013147354126,1.1167672872543335,0.007057405076920986,CLASS 
0:00:00.468831,24,0.39429551362991333,1.1102713346481323,-0.004771772306412458,CLASS 
0:00:00.468831,25,0.6103673577308655,1.565535306930542,0.05515130236744881,CLASS 
0:00:00.468831,26,0.40066418051719666,1.5419642925262451,-0.03398619219660759,CLASS 
0:00:00.468831,27,0.6003245115280151,1.953054428100586,0.5480768084526062,CLASS 
0:00:00.468831,28,0.4021383225917816,1.9423037767410278,0.37527453899383545,CLASS 
0:00:00.468831,29,0.60406893491745,2.0064589977264404,0.5668447017669678,CLASS 
0:00:00.468831,30,0.393310010433197,2.0027244091033936,0.3995916545391083,CLASS 
0:00:00.468831,31,0.5733181834220886,2.082326650619507,0.10064121335744858,CLASS 
0:00:00.468831,32,0.4391776919364929,2.0614752769470215,-0.10613603889942169,CLASS 
0:00:00.516547,0,0.504494309425354,0.25959837436676025,-0.8414114117622375,CLASS 
0:00:00.516547,1,0.5292319059371948,0.2149956226348877,-0.7823789715766907,CLASS 
0:00:00.516547,2,0.5424662828445435,0.2139900177717209,-0.7827021479606628,CLASS 
0:00:00.516547,3,0.554966151714325,0.21288540959358215,-0.7822041511535645,CLASS 
0:00:00.516547,4,0.48041248321533203,0.22153018414974213,-0.7901897430419922,CLASS 
0:00:00.516547,5,0.46486520767211914,0.2248000055551529,-0.7902671694755554,CLASS 
0:00:00.516547,6,0.453605592250824,0.2268276959657669,-0.7908536195755005,CLASS 
0:00:00.516547,7,0.5765367746353149,0.2428141087293625,-0.393235981464386,CLASS 
0:00:00.516547,8,0.43950653076171875,0.2580227851867676,-0.42151060700416565,CLASS 
0:00:00.516547,9,0.5351976752281189,0.3132477402687073,-0.6973050236701965,CLASS 
0:00:00.516547,10,0.4769752621650696,0.315310001373291,-0.7073909044265747,CLASS 
0:00:00.516547,11,0.6742535829544067,0.532679557800293,-0.10897272825241089,CLASS 
0:00:00.516547,12,0.3595547080039978,0.5360509157180786,-0.21060419082641602,CLASS 
0:00:00.516547,13,0.7502095103263855,0.9333023428916931,-0.5302549600601196,CLASS 
0:00:00.516547,14,0.2628856301307678,0.9374837875366211,-0.6208130121231079,CLASS 
0:00:00.516547,15,0.693998396396637,0.679644763469696,-1.3611843585968018,CLASS 
0:00:00.516547,16,0.348304808139801,0.7091675400733948,-1.4723865985870361,CLASS 
0:00:00.516547,17,0.6547906398773193,0.6243643164634705,-1.500934362411499,CLASS 
0:00:00.516547,18,0.388955295085907,0.6515220403671265,-1.6148990392684937,CLASS 
0:00:00.516547,19,0.6512317061424255,0.5780864357948303,-1.445493459701538,CLASS 
0:00:00.516547,20,0.38990119099617004,0.6054117679595947,-1.5869851112365723,CLASS 
0:00:00.516547,21,0.6536573767662048,0.5955889821052551,-1.3542968034744263,CLASS 
0:00:00.516547,22,0.3853875398635864,0.6186110973358154,-1.4754178524017334,CLASS 
0:00:00.516547,23,0.6173027157783508,1.1167441606521606,0.006941633764654398,CLASS 
0:00:00.516547,24,0.39431434869766235,1.1102701425552368,-0.004669786896556616,CLASS 
0:00:00.516547,25,0.6109045743942261,1.5655268430709839,0.05445769429206848,CLASS 
0:00:00.516547,26,0.40075212717056274,1.54252028465271,-0.02798747457563877,CLASS 
0:00:00.516547,27,0.6006575226783752,1.953608751296997,0.5524676442146301,CLASS 
0:00:00.516547,28,0.4022494852542877,1.943747878074646,0.3870081901550293,CLASS 
0:00:00.516547,29,0.6044851541519165,2.007005214691162,0.5716392993927002,CLASS 
0:00:00.516547,30,0.3932735025882721,2.004411220550537,0.41199684143066406,CLASS 
0:00:00.516547,31,0.5736967325210571,2.083662509918213,0.10532425343990326,CLASS 
0:00:00.516547,32,0.43959301710128784,2.0629732608795166,-0.09311235696077347,CLASS 
0:00:00.564966,0,0.5042180418968201,0.26098042726516724,-0.8469306826591492,CLASS 
0:00:00.564966,1,0.5292299389839172,0.2165718674659729,-0.787074863910675,CLASS 
0:00:00.564966,2,0.5424939393997192,0.21539659798145294,-0.7873605489730835,CLASS 
0:00:00.564966,3,0.5549377202987671,0.21419620513916016,-0.7868841290473938,CLASS 
0:00:00.564966,4,0.480308473110199,0.22252370417118073,-0.7956792116165161,CLASS 
0:00:00.564966,5,0.46474164724349976,0.22556139528751373,-0.7957825064659119,CLASS 
0:00:00.564966,6,0.45357924699783325,0.22745691239833832,-0.7963513135910034,CLASS 
0:00:00.564966,7,0.576553463935852,0.24359722435474396,-0.39513203501701355,CLASS 
0:00:00.564966,8,0.43948617577552795,0.25821569561958313,-0.42778730392456055,CLASS 
0:00:00.564966,9,0.5349291563034058,0.3143797516822815,-0.7022379636764526,CLASS 
0:00:00.564966,10,0.4766075611114502,0.31590160727500916,-0.7131819128990173,CLASS 
0:00:00.564966,11,0.6742570996284485,0.532426655292511,-0.10937728732824326,CLASS 
0:00:00.564966,12,0.3595559000968933,0.535874605178833,-0.21567079424858093,CLASS 
0:00:00.564966,13,0.7492910027503967,0.9332722425460815,-0.533584713935852,CLASS 
0:00:00.564966,14,0.26301485300064087,0.9376411437988281,-0.6286939978599548,CLASS 
0:00:00.564966,15,0.6939278841018677,0.6798017621040344,-1.3596951961517334,CLASS 
0:00:00.564966,16,0.3483988642692566,0.709369957447052,-1.4982692003250122,CLASS 
0:00:00.564966,17,0.6547452807426453,0.624357283115387,-1.4990227222442627,CLASS 
0:00:00.564966,18,0.3894274830818176,0.651719868183136,-1.6409378051757812,CLASS 
0:00:00.564966,19,0.6511957049369812,0.577923059463501,-1.4437156915664673,CLASS 
0:00:00.564966,20,0.3900459110736847,0.6055821180343628,-1.6139609813690186,CLASS 
0:00:00.564966,21,0.6536182165145874,0.595499575138092,-1.352709174156189,CLASS 
0:00:00.564966,22,0.38539624214172363,0.6190990209579468,-1.5019242763519287,CLASS 
0:00:00.564966,23,0.6178533434867859,1.1167240142822266,0.004894913174211979,CLASS 
0:00:00.564966,24,0.3943004608154297,1.1104741096496582,-0.0026651951484382153,CLASS 
0:00:00.564966,25,0.6116318106651306,1.5652449131011963,0.04701737314462662,CLASS 
0:00:00.564966,26,0.40088075399398804,1.5429110527038574,-0.02487843856215477,CLASS 
0:00:00.564966,27,0.6009450554847717,1.9532263278961182,0.5523867607116699,CLASS 
0:00:00.564966,28,0.4026721119880676,1.9446126222610474,0.3925461769104004,CLASS 
0:00:00.564966,29,0.6048533916473389,2.006589651107788,0.5721889734268188,CLASS 
0:00:00.564966,30,0.3936191499233246,2.0055177211761475,0.41714221239089966,CLASS 
0:00:00.564966,31,0.5741457939147949,2.0840370655059814,0.1041954755783081,CLASS 
0:00:00.564966,32,0.4402179718017578,2.0635504722595215,-0.08622562140226364,CLASS 
0:00:00.613671,0,0.5041481852531433,0.26332375407218933,-0.8498337864875793,CLASS 
0:00:00.613671,1,0.5292217135429382,0.2192666083574295,-0.7885316610336304,CLASS 
0:00:00.613671,2,0.542503297328949,0.21791289746761322,-0.7888082265853882,CLASS 
0:00:00.613671,3,0.5548741221427917,0.21665076911449432,-0.7882894277572632,CLASS 
0:00:00.613671,4,0.48028573393821716,0.22466398775577545,-0.7978187799453735,CLASS 
0:00:00.613671,5,0.464711993932724,0.22755852341651917,-0.7980318069458008,CLASS 
0:00:00.613671,6,0.453574001789093,0.22972871363162994,-0.7986781001091003,CLASS 
0:00:00.613671,7,0.5765424966812134,0.24472464621067047,-0.3957912027835846,CLASS 
0:00:00.613671,8,0.4394747316837311,0.2595575749874115,-0.44067201018333435,CLASS 
0:00:00.613671,9,0.5348252654075623,0.31588518619537354,-0.7057276368141174,CLASS 
0:00:00.613671,10,0.47657328844070435,0.31706857681274414,-0.715354323387146,CLASS 
0:00:00.613671,11,0.6742591857910156,0.5318949222564697,-0.10792181640863419,CLASS 
0:00:00.613671,12,0.3597292900085449,0.5345925688743591,-0.2297549694776535,CLASS 
0:00:00.613671,13,0.7483065724372864,0.9319709539413452,-0.5160197019577026,CLASS 
0:00:00.613671,14,0.2634340524673462,0.937820315361023,-0.6417087316513062,CLASS 
0:00:00.613671,15,0.6921355724334717,0.6785637140274048,-1.3313652276992798,CLASS 
0:00:00.613671,16,0.3481593728065491,0.7109590172767639,-1.4982844591140747,CLASS 
0:00:00.613671,17,0.6534456014633179,0.6232185959815979,-1.466102957725525,CLASS 
0:00:00.613671,18,0.38787728548049927,0.6526157855987549,-1.640802025794983,CLASS 
0:00:00.613671,19,0.6501172780990601,0.5768394470214844,-1.4112945795059204,CLASS 
0:00:00.613671,20,0.3882151246070862,0.6075107455253601,-1.6145076751708984,CLASS 
0:00:00.613671,21,0.652436375617981,0.5944699048995972,-1.3245257139205933,CLASS 
0:00:00.613671,22,0.3837839365005493,0.6220911741256714,-1.5019781589508057,CLASS 
0:00:00.613671,23,0.6178332567214966,1.1166964769363403,0.009791119024157524,CLASS 
0:00:00.613671,24,0.3943677842617035,1.1106112003326416,-0.007757102604955435,CLASS 
0:00:00.613671,25,0.6116366982460022,1.5646605491638184,0.05060441046953201,CLASS 
0:00:00.613671,26,0.4007178843021393,1.5420403480529785,-0.04641995579004288,CLASS 
0:00:00.613671,27,0.6010233163833618,1.9530810117721558,0.5542658567428589,CLASS 
0:00:00.613671,28,0.40272775292396545,1.944234848022461,0.3585589826107025,CLASS 
0:00:00.613671,29,0.60484778881073,2.00608491897583,0.5740431547164917,CLASS 
0:00:00.613671,30,0.3937929570674896,2.004655599594116,0.3825993835926056,CLASS 
0:00:00.613671,31,0.5744248628616333,2.0835249423980713,0.10645736753940582,CLASS 
0:00:00.613671,32,0.44049468636512756,2.0624451637268066,-0.12200896441936493,CLASS 
0:00:00.663447,0,0.5042633414268494,0.2645483911037445,-0.9026645421981812,CLASS 
0:00:00.663447,1,0.5292809009552002,0.22079108655452728,-0.848726749420166,CLASS 
0:00:00.663447,2,0.5425281524658203,0.21941180527210236,-0.849096953868866,CLASS 
0:00:00.663447,3,0.5548274517059326,0.21811050176620483,-0.8485817909240723,CLASS 
0:00:00.663447,4,0.4803408980369568,0.2259247899055481,-0.8579539060592651,CLASS 
0:00:00.663447,5,0.46474647521972656,0.22869174182415009,-0.858076274394989,CLASS 
0:00:00.663447,6,0.4535871148109436,0.23111657798290253,-0.8587473630905151,CLASS 
0:00:00.663447,7,0.576546311378479,0.24530018866062164,-0.4572073519229889,CLASS 
0:00:00.663447,8,0.43950313329696655,0.26044049859046936,-0.49283742904663086,CLASS 
0:00:00.663447,9,0.534844160079956,0.3163711428642273,-0.7554944753646851,CLASS 
0:00:00.663447,10,0.47691431641578674,0.3178044259548187,-0.7663357257843018,CLASS 
0:00:00.663447,11,0.6740007400512695,0.5283505320549011,-0.1453217715024948,CLASS 
0:00:00.663447,12,0.35965144634246826,0.5329886078834534,-0.26784998178482056,CLASS 
0:00:00.663447,13,0.7464206218719482,0.9315716624259949,-0.5206908583641052,CLASS 
0:00:00.663447,14,0.2655399739742279,0.9378176331520081,-0.6953212022781372,CLASS 
0:00:00.663447,15,0.6912711262702942,0.6843085885047913,-1.3474047183990479,CLASS 
0:00:00.663447,16,0.3477417528629303,0.7153230905532837,-1.5733413696289062,CLASS 
0:00:00.663447,17,0.6533600091934204,0.6278324723243713,-1.4848767518997192,CLASS 
0:00:00.663447,18,0.38696232438087463,0.6558547616004944,-1.7160394191741943,CLASS 
0:00:00.663447,19,0.6502684354782104,0.5828949809074402,-1.42841637134552,CLASS 
0:00:00.663447,20,0.386174738407135,0.6113541126251221,-1.694822072982788,CLASS 
0:00:00.663447,21,0.6524461507797241,0.6025756597518921,-1.3403313159942627,CLASS 
0:00:00.663447,22,0.3816344141960144,0.6262344717979431,-1.5783404111862183,CLASS 
0:00:00.663447,23,0.6180402040481567,1.1164389848709106,0.006162101402878761,CLASS 
0:00:00.663447,24,0.3942980170249939,1.1106868982315063,-0.004253310617059469,CLASS 
0:00:00.663447,25,0.6119364500045776,1.5631141662597656,0.03678430616855621,CLASS 
0:00:00.663447,26,0.4005507826805115,1.542249321937561,0.005419464781880379,CLASS 
0:00:00.663447,27,0.6015195250511169,1.9527355432510376,0.5507246255874634,CLASS 
0:00:00.663447,28,0.40268683433532715,1.9439697265625,0.4620746076107025,CLASS 
0:00:00.663447,29,0.6057407855987549,2.005870819091797,0.5709627866744995,CLASS 
0:00:00.663447,30,0.3935450315475464,2.0042874813079834,0.4936521649360657,CLASS 
0:00:00.663447,31,0.5747764110565186,2.083179235458374,0.09998345375061035,CLASS 
0:00:00.663447,32,0.4406053125858307,2.0635647773742676,-0.014424001798033714,CLASS 
0:00:00.712610,0,0.5044528245925903,0.26602503657341003,-0.9491482973098755,CLASS 
0:00:00.712610,1,0.529297947883606,0.22265656292438507,-0.9005436897277832,CLASS 
0:00:00.712610,2,0.5425392389297485,0.2213812917470932,-0.9008739590644836,CLASS 
0:00:00.712610,3,0.5547600984573364,0.2201298326253891,-0.9003688097000122,CLASS 
0:00:00.712610,4,0.48038142919540405,0.22763927280902863,-0.9060829281806946,CLASS 
0:00:00.712610,5,0.46474558115005493,0.23060066998004913,-0.9061678647994995,CLASS 
0:00:00.712610,6,0.4535791277885437,0.23354198038578033,-0.9068142771720886,CLASS 
0:00:00.712610,7,0.5765713453292847,0.24596866965293884,-0.5167681574821472,CLASS 
0:00:00.712610,8,0.4393773078918457,0.2630928158760071,-0.5357006788253784,CLASS 
0:00:00.712610,9,0.5350915193557739,0.3172849118709564,-0.8033083081245422,CLASS 
0:00:00.712610,10,0.4777081608772278,0.3191480338573456,-0.8102407455444336,CLASS 
0:00:00.712610,11,0.6756762266159058,0.5267002582550049,-0.20885054767131805,CLASS 
0:00:00.712610,12,0.3596436083316803,0.5292996764183044,-0.3001452088356018,CLASS 
0:00:00.712610,13,0.7384799122810364,0.9332389235496521,-0.6070309281349182,CLASS 
0:00:00.712610,14,0.27291738986968994,0.9370624423027039,-0.7282952070236206,CLASS 
0:00:00.712610,15,0.6826158165931702,0.6922417879104614,-1.4546912908554077,CLASS 
0:00:00.712610,16,0.3544870615005493,0.7200345993041992,-1.6138321161270142,CLASS 
0:00:00.712610,17,0.6503597497940063,0.6296468377113342,-1.5963290929794312,CLASS 
0:00:00.712610,18,0.38885697722435,0.6562851667404175,-1.7583621740341187,CLASS 
0:00:00.712610,19,0.6502142548561096,0.585651159286499,-1.5546598434448242,CLASS 
0:00:00.712610,20,0.3863147795200348,0.6124768853187561,-1.735503911972046,CLASS 
0:00:00.712610,21,0.6515829563140869,0.6062389016151428,-1.4543064832687378,CLASS 
0:00:00.712610,22,0.3827124834060669,0.6282549500465393,-1.6192395687103271,CLASS 
0:00:00.712610,23,0.6134782433509827,1.0901137590408325,-0.0027654473669826984,CLASS 
0:00:00.712610,24,0.3994929790496826,1.080230951309204,0.004775047302246094,CLASS 
0:00:00.712610,25,0.6106204986572266,1.5622340440750122,0.03719466179609299,CLASS 
0:00:00.712610,26,0.39561647176742554,1.5422654151916504,0.08518658578395844,CLASS 
0:00:00.712610,27,0.5994613766670227,1.9521429538726807,0.5683172941207886,CLASS 
0:00:00.712610,28,0.39624661207199097,1.9434950351715088,0.5724681615829468,CLASS 
0:00:00.712610,29,0.6040130853652954,2.005234956741333,0.591344952583313,CLASS 
0:00:00.712610,30,0.3869438171386719,2.00325870513916,0.6073216199874878,CLASS 
0:00:00.712610,31,0.5701954364776611,2.0828185081481934,0.12100829184055328,CLASS 
0:00:00.712610,32,0.4342755675315857,2.0632591247558594,0.1108076423406601,CLASS 
0:00:00.760468,0,0.5047363042831421,0.26728957891464233,-1.003506064414978,CLASS 
0:00:00.760468,1,0.5293298363685608,0.22444233298301697,-0.9570479393005371,CLASS 
0:00:00.760468,2,0.5426192879676819,0.22337304055690765,-0.9573150873184204,CLASS 
0:00:00.760468,3,0.5547536015510559,0.2222692221403122,-0.9568214416503906,CLASS 
0:00:00.760468,4,0.4804709851741791,0.22941453754901886,-0.9540954828262329,CLASS 
0:00:00.760468,5,0.4647895395755768,0.23267003893852234,-0.9541821479797363,CLASS 
0:00:00.760468,6,0.4535805284976959,0.23588943481445312,-0.9546996355056763,CLASS 
0:00:00.760468,7,0.5765717029571533,0.24686196446418762,-0.5824829936027527,CLASS 
0:00:00.760468,8,0.4393270015716553,0.265820175409317,-0.5633938908576965,CLASS 
0:00:00.760468,9,0.535361111164093,0.31840208172798157,-0.8628126382827759,CLASS 
0:00:00.760468,10,0.4784168303012848,0.32041803002357483,-0.8583618402481079,CLASS 
0:00:00.760468,11,0.6762849688529968,0.5266191363334656,-0.31350240111351013,CLASS 
0:00:00.760468,12,0.3593915104866028,0.5285475850105286,-0.3030657172203064,CLASS 
0:00:00.760468,13,0.7319565415382385,0.9372178316116333,-0.7499042749404907,CLASS 
0:00:00.760468,14,0.2825946509838104,0.9373303651809692,-0.7119441628456116,CLASS 
0:00:00.760468,15,0.6703777313232422,0.69786536693573,-1.6100860834121704,CLASS 
0:00:00.760468,16,0.36212167143821716,0.7202735543251038,-1.5864042043685913,CLASS 
0:00:00.760468,17,0.6495921015739441,0.6296818256378174,-1.7549537420272827,CLASS 
0:00:00.760468,18,0.3846808671951294,0.6486088037490845,-1.7278693914413452,CLASS 
0:00:00.760468,19,0.6517093777656555,0.5878516435623169,-1.7146275043487549,CLASS 
0:00:00.760468,20,0.37941956520080566,0.6058825254440308,-1.703600287437439,CLASS 
0:00:00.760468,21,0.6513795852661133,0.610828161239624,-1.6101922988891602,CLASS 
0:00:00.760468,22,0.3807592988014221,0.6264143586158752,-1.591582179069519,CLASS 
0:00:00.760468,23,0.6132370829582214,1.075696349143982,-0.025123316794633865,CLASS 
0:00:00.760468,24,0.4026333689689636,1.0678856372833252,0.027133673429489136,CLASS 
0:00:00.760468,25,0.6102822422981262,1.5621235370635986,0.05141259357333183,CLASS 
0:00:00.760468,26,0.3928242623806,1.547566294670105,0.18778875470161438,CLASS 
0:00:00.760468,27,0.5995739698410034,1.9517879486083984,0.6054973006248474,CLASS 
0:00:00.760468,28,0.3955388367176056,1.9441845417022705,0.6933103203773499,CLASS 
0:00:00.760468,29,0.604362964630127,2.005376100540161,0.6321908831596375,CLASS 
0:00:00.760468,30,0.3866123557090759,2.003228187561035,0.7311988472938538,CLASS 
0:00:00.760468,31,0.5706020593643188,2.0843138694763184,0.17435398697853088,CLASS 
0:00:00.760468,32,0.4331744313240051,2.0715317726135254,0.25265151262283325,CLASS 
0:00:00.808241,0,0.5047352910041809,0.26825377345085144,-0.9675412178039551,CLASS 
0:00:00.808241,1,0.5293537378311157,0.22607694566249847,-0.9300342798233032,CLASS 
0:00:00.808241,2,0.5427445769309998,0.22525975108146667,-0.9301289319992065,CLASS 
0:00:00.808241,3,0.5547875165939331,0.22448745369911194,-0.9293996691703796,CLASS 
0:00:00.808241,4,0.48056116700172424,0.23062458634376526,-0.9163324236869812,CLASS 
0:00:00.808241,5,0.464849054813385,0.2338518500328064,-0.9163205027580261,CLASS 
0:00:00.808241,6,0.4536057412624359,0.2369435727596283,-0.9166088104248047,CLASS 
0:00:00.808241,7,0.5765656232833862,0.2483244687318802,-0.5458754301071167,CLASS 
0:00:00.808241,8,0.4393152594566345,0.26644113659858704,-0.5388522744178772,CLASS 
0:00:00.808241,9,0.5353583097457886,0.3190889358520508,-0.8519662022590637,CLASS 
0:00:00.808241,10,0.4784112870693207,0.3205781877040863,-0.8302013278007507,CLASS 
0:00:00.808241,11,0.6760953068733215,0.5278918743133545,-0.25932589173316956,CLASS 
0:00:00.808241,12,0.3589635491371155,0.5297620892524719,-0.2697405219078064,CLASS 
0:00:00.808241,13,0.72469562292099,0.9468904137611389,-0.6754833459854126,CLASS 
0:00:00.808241,14,0.295786052942276,0.937471330165863,-0.6548525094985962,CLASS 
0:00:00.808241,15,0.6542664766311646,0.7259617447853088,-1.521955132484436,CLASS 
0:00:00.808241,16,0.38031110167503357,0.7211073637008667,-1.5196889638900757,CLASS 
0:00:00.808241,17,0.64910888671875,0.6515006422996521,-1.6644325256347656,CLASS 
0:00:00.808241,18,0.3823668658733368,0.6471907496452332,-1.6536474227905273,CLASS 
0:00:00.808241,19,0.6530979871749878,0.6144960522651672,-1.6248639822006226,CLASS 
0:00:00.808241,20,0.376495897769928,0.6022240519523621,-1.6386022567749023,CLASS 
0:00:00.808241,21,0.6505280137062073,0.638600766658783,-1.5215389728546143,CLASS 
0:00:00.808241,22,0.38078418374061584,0.624783456325531,-1.5298898220062256,CLASS 
0:00:00.808241,23,0.616771399974823,1.090206503868103,-0.024475090205669403,CLASS 
0:00:00.808241,24,0.4068719446659088,1.0653753280639648,0.02663586474955082,CLASS 
0:00:00.808241,25,0.6147310733795166,1.561758041381836,0.044796548783779144,CLASS 
0:00:00.808241,26,0.39292028546333313,1.550187349319458,0.14647457003593445,CLASS 
0:00:00.808241,27,0.6064611673355103,1.951554775238037,0.5956684350967407,CLASS 
0:00:00.808241,28,0.3970996141433716,1.9448752403259277,0.6135815382003784,CLASS 
0:00:00.808241,29,0.6119828224182129,2.005160331726074,0.6240397691726685,CLASS 
0:00:00.808241,30,0.3888867199420929,2.0034279823303223,0.6456125974655151,CLASS 
0:00:00.808241,31,0.5777629017829895,2.0847764015197754,0.1630377471446991,CLASS 
0:00:00.808241,32,0.4334828853607178,2.073594093322754,0.1661861091852188,CLASS 
0:00:00.855891,0,0.5047958493232727,0.2685912847518921,-0.9829939007759094,CLASS 
0:00:00.855891,1,0.5293753743171692,0.22686085104942322,-0.935357391834259,CLASS 
0:00:00.855891,2,0.5427868962287903,0.22631779313087463,-0.9355498552322388,CLASS 
0:00:00.855891,3,0.5547725558280945,0.2259175330400467,-0.9350011944770813,CLASS 
0:00:00.855891,4,0.48071640729904175,0.23108334839344025,-0.9361192584037781,CLASS 
0:00:00.855891,5,0.46494778990745544,0.23440267145633698,-0.9362653493881226,CLASS 
0:00:00.855891,6,0.4536481499671936,0.23757591843605042,-0.9367128610610962,CLASS 
0:00:00.855891,7,0.5763777494430542,0.2500903308391571,-0.5553222298622131,CLASS 
0:00:00.855891,8,0.4393270015716553,0.2670593559741974,-0.5665038824081421,CLASS 
0:00:00.855891,9,0.5353574752807617,0.3197188973426819,-0.8462492823600769,CLASS 
0:00:00.855891,10,0.4784418046474457,0.3207390606403351,-0.8461549878120422,CLASS 
0:00:00.855891,11,0.6744133234024048,0.5289633274078369,-0.2848377823829651,CLASS 
0:00:00.855891,12,0.3575156033039093,0.5331329703330994,-0.30166900157928467,CLASS 
0:00:00.855891,13,0.7195026278495789,0.950644850730896,-0.6672829389572144,CLASS 
0:00:00.855891,14,0.3000848591327667,0.9407646656036377,-0.656947135925293,CLASS 
0:00:00.855891,15,0.6406471729278564,0.7497388124465942,-1.5154651403427124,CLASS 
0:00:00.855891,16,0.39364317059516907,0.7374366521835327,-1.5214043855667114,CLASS 
0:00:00.855891,17,0.6440737247467041,0.6826975345611572,-1.6595087051391602,CLASS 
0:00:00.855891,18,0.38687071204185486,0.6675430536270142,-1.6570978164672852,CLASS 
0:00:00.855891,19,0.6495779752731323,0.6432075500488281,-1.6316211223602295,CLASS 
0:00:00.855891,20,0.37839508056640625,0.621047854423523,-1.6434625387191772,CLASS 
0:00:00.855891,21,0.640466570854187,0.6659954190254211,-1.5199017524719238,CLASS 
0:00:00.855891,22,0.3847885727882385,0.6402179598808289,-1.530583381652832,CLASS 
0:00:00.855891,23,0.6172133684158325,1.1012951135635376,-0.023347439244389534,CLASS 
0:00:00.855891,24,0.406404584646225,1.0954722166061401,0.025507714599370956,CLASS 
0:00:00.855891,25,0.6147696375846863,1.5613970756530762,0.06355155259370804,CLASS 
0:00:00.855891,26,0.3931896388530731,1.5512298345565796,0.1403699666261673,CLASS 
0:00:00.855891,27,0.6067635416984558,1.9514482021331787,0.6305055022239685,CLASS 
0:00:00.855891,28,0.39735719561576843,1.9446414709091187,0.614000678062439,CLASS 
0:00:00.855891,29,0.6121986508369446,2.005002021789551,0.6582180261611938,CLASS 
0:00:00.855891,30,0.3891585171222687,2.0032243728637695,0.6456993818283081,CLASS 
0:00:00.855891,31,0.5783336758613586,2.084704637527466,0.2044127732515335,CLASS 
0:00:00.855891,32,0.4333800673484802,2.0734493732452393,0.16704478859901428,CLASS 
0:00:00.903524,0,0.5055365562438965,0.26872867345809937,-1.102710247039795,CLASS 
0:00:00.903524,1,0.5299487709999084,0.22757577896118164,-1.0531479120254517,CLASS 
0:00:00.903524,2,0.5432661771774292,0.22741511464118958,-1.0532991886138916,CLASS 
0:00:00.903524,3,0.555168092250824,0.2274695187807083,-1.0528368949890137,CLASS 
0:00:00.903524,4,0.48142266273498535,0.231305792927742,-1.0550962686538696,CLASS 
0:00:00.903524,5,0.46551305055618286,0.2346302568912506,-1.0553309917449951,CLASS 
0:00:00.903524,6,0.45386743545532227,0.23788103461265564,-1.0558031797409058,CLASS 
0:00:00.903524,7,0.576461911201477,0.2523566782474518,-0.6578871011734009,CLASS 
0:00:00.903524,8,0.4395817220211029,0.267609566450119,-0.6633728742599487,CLASS 
0:00:00.903524,9,0.5358624458312988,0.3199971318244934,-0.9535988569259644,CLASS 
0:00:00.903524,10,0.4788842797279358,0.32076653838157654,-0.9554682970046997,CLASS 
0:00:00.903524,11,0.6734915375709534,0.5295552015304565,-0.3616240322589874,CLASS 
0:00:00.903524,12,0.35703766345977783,0.5340181589126587,-0.36989739537239075,CLASS 
0:00:00.903524,13,0.7175394296646118,0.9507407546043396,-0.7281066179275513,CLASS 
0:00:00.903524,14,0.3019671142101288,0.9420241117477417,-0.7101619243621826,CLASS 
0:00:00.903524,15,0.6288421750068665,0.7649978995323181,-1.5870437622070312,CLASS 
0:00:00.903524,16,0.4050458073616028,0.7555214762687683,-1.5784766674041748,CLASS 
0:00:00.903524,17,0.6282838582992554,0.7066637873649597,-1.7348310947418213,CLASS 
0:00:00.903524,18,0.4069269299507141,0.6973459124565125,-1.7189058065414429,CLASS 
0:00:00.903524,19,0.6367195844650269,0.6605541110038757,-1.71212899684906,CLASS 
0:00:00.903524,20,0.39768537878990173,0.6462038159370422,-1.7095733880996704,CLASS 
0:00:00.903524,21,0.6275282502174377,0.6766744256019592,-1.5939873456954956,CLASS 
0:00:00.903524,22,0.40258264541625977,0.6598280072212219,-1.588387131690979,CLASS 
0:00:00.903524,23,0.6178654432296753,1.1096673011779785,-0.027521058917045593,CLASS 
0:00:00.903524,24,0.40934237837791443,1.0742930173873901,0.029686421155929565,CLASS 
0:00:00.903524,25,0.6145567893981934,1.5621856451034546,0.0907546728849411,CLASS 
0:00:00.903524,26,0.39336079359054565,1.5537344217300415,0.1437089741230011,CLASS 
0:00:00.903524,27,0.6061795949935913,1.9522426128387451,0.6842008233070374,CLASS 
0:00:00.903524,28,0.3966650366783142,1.945661187171936,0.6212661266326904,CLASS 
0:00:00.903524,29,0.6114572882652283,2.00738525390625,0.7132450342178345,CLASS 
0:00:00.903524,30,0.3885943293571472,2.0046818256378174,0.6529525518417358,CLASS 
0:00:00.903524,31,0.5766748189926147,2.0877742767333984,0.253004252910614,CLASS 
0:00:00.903524,32,0.43130677938461304,2.0771915912628174,0.16571223735809326,CLASS 
0:00:00.952315,0,0.5064970254898071,0.2688104808330536,-1.1351789236068726,CLASS 
0:00:00.952315,1,0.5306000709533691,0.2280571311712265,-1.0840160846710205,CLASS 
0:00:00.952315,2,0.5437779426574707,0.22816339135169983,-1.0841853618621826,CLASS 
0:00:00.952315,3,0.5556398630142212,0.2285071164369583,-1.083809494972229,CLASS 
0:00:00.952315,4,0.4822344183921814,0.23140205442905426,-1.088405728340149,CLASS 
0:00:00.952315,5,0.46622234582901,0.2346774786710739,-1.0886547565460205,CLASS 
0:00:00.952315,6,0.4541550576686859,0.23795123398303986,-1.0891144275665283,CLASS 
0:00:00.952315,7,0.5765396356582642,0.25399988889694214,-0.6773027181625366,CLASS 
0:00:00.952315,8,0.43971318006515503,0.2683178782463074,-0.691959023475647,CLASS 
0:00:00.952315,9,0.5364538431167603,0.3203372359275818,-0.9801346659660339,CLASS 
0:00:00.952315,10,0.4794243276119232,0.3208867013454437,-0.9850244522094727,CLASS 
0:00:00.952315,11,0.6726652383804321,0.5301889777183533,-0.3672155439853668,CLASS 
0:00:00.952315,12,0.35660237073898315,0.534619152545929,-0.39251789450645447,CLASS 
0:00:00.952315,13,0.7142390012741089,0.9489167928695679,-0.6938449144363403,CLASS 
0:00:00.952315,14,0.3008803129196167,0.9420070648193359,-0.719788134098053,CLASS 
0:00:00.952315,15,0.6170035600662231,0.7832828760147095,-1.5469897985458374,CLASS 
0:00:00.952315,16,0.41146811842918396,0.7829949855804443,-1.5824953317642212,CLASS 
0:00:00.952315,17,0.6117368936538696,0.7456448674201965,-1.6890373229980469,CLASS 
0:00:00.952315,18,0.4250621199607849,0.7438971996307373,-1.7271463871002197,CLASS 
0:00:00.952315,19,0.6175775527954102,0.6890596151351929,-1.6558873653411865,CLASS 
0:00:00.952315,20,0.4157155156135559,0.685033917427063,-1.7213289737701416,CLASS 
0:00:00.952315,21,0.6129859089851379,0.6948954463005066,-1.5446795225143433,CLASS 
0:00:00.952315,22,0.4167086184024811,0.6914201378822327,-1.593000888824463,CLASS 
0:00:00.952315,23,0.6178670525550842,1.1125034093856812,-0.02740783616900444,CLASS 
0:00:00.952315,24,0.4104960560798645,1.0654278993606567,0.029540041461586952,CLASS 
0:00:00.952315,25,0.6138567924499512,1.5621459484100342,0.11284031718969345,CLASS 
0:00:00.952315,26,0.3932926058769226,1.5536502599716187,0.14479002356529236,CLASS 
0:00:00.952315,27,0.6056185960769653,1.9516209363937378,0.6971110105514526,CLASS 
0:00:00.952315,28,0.39641475677490234,1.9456146955490112,0.614783763885498,CLASS 
0:00:00.952315,29,0.6106482148170471,2.0066916942596436,0.7251124382019043,CLASS 
0:00:00.952315,30,0.3886917233467102,2.004491090774536,0.6456978917121887,CLASS 
0:00:00.952315,31,0.5752017498016357,2.087578535079956,0.26068100333213806,CLASS 
0:00:00.952315,32,0.4297865331172943,2.076805353164673,0.15421269834041595,CLASS 
0:00:00.999967,0,0.5081281065940857,0.2689991295337677,-1.1229299306869507,CLASS 
0:00:00.999967,1,0.5314175486564636,0.22860877215862274,-1.072698712348938,CLASS 
0:00:00.999967,2,0.5443004369735718,0.22895029187202454,-1.0728825330734253,CLASS 
0:00:00.999967,3,0.5561089515686035,0.22951434552669525,-1.0725406408309937,CLASS 
0:00:00.999967,4,0.4834948480129242,0.23158836364746094,-1.076027274131775,CLASS 
0:00:00.999967,5,0.4675509035587311,0.23485495150089264,-1.0762816667556763,CLASS 
0:00:00.999967,6,0.45478445291519165,0.23828110098838806,-1.0767066478729248,CLASS 
0:00:00.999967,7,0.576578676700592,0.2556378245353699,-0.6741082072257996,CLASS 
0:00:00.999967,8,0.4400734305381775,0.2698379456996918,-0.6824868321418762,CLASS 
0:00:00.999967,9,0.5372111797332764,0.32089003920555115,-0.9711880683898926,CLASS 
0:00:00.999967,10,0.4806039333343506,0.32140228152275085,-0.9742497205734253,CLASS 
0:00:00.999967,11,0.6723910570144653,0.5343142151832581,-0.3830966651439667,CLASS 
0:00:00.999967,12,0.3565819263458252,0.5351468920707703,-0.388622522354126,CLASS 
0:00:00.999967,13,0.711066484451294,0.9486585259437561,-0.7090773582458496,CLASS 
0:00:00.999967,14,0.29980140924453735,0.9417136311531067,-0.7142404913902283,CLASS 
0:00:00.999967,15,0.5994762778282166,0.7971412539482117,-1.52860426902771,CLASS 
0:00:00.999967,16,0.4154118001461029,0.7984524965286255,-1.5747052431106567,CLASS 
0:00:00.999967,17,0.5893332362174988,0.7615267038345337,-1.6750707626342773,CLASS 
0:00:00.999967,18,0.4348624646663666,0.7633063793182373,-1.7183055877685547,CLASS 
0:00:00.999967,19,0.5946673154830933,0.7062151432037354,-1.6536548137664795,CLASS 
0:00:00.999967,20,0.42854851484298706,0.7059723734855652,-1.709238052368164,CLASS 
0:00:00.999967,21,0.5925987362861633,0.7099078297615051,-1.5325301885604858,CLASS 
0:00:00.999967,22,0.4274662435054779,0.7107359766960144,-1.5835884809494019,CLASS 
0:00:00.999967,23,0.6173067092895508,1.1233139038085938,-0.028642788529396057,CLASS 
0:00:00.999967,24,0.41008704900741577,1.0666940212249756,0.03076053597033024,CLASS 
0:00:00.999967,25,0.6089473962783813,1.5693894624710083,0.13767269253730774,CLASS 
0:00:00.999967,26,0.3893122375011444,1.5616999864578247,0.16395676136016846,CLASS 
0:00:00.999967,27,0.6017311215400696,1.9563225507736206,0.7277494668960571,CLASS 
0:00:00.999967,28,0.393135130405426,1.9509538412094116,0.6390526294708252,CLASS 
0:00:00.999967,29,0.6060749292373657,2.0125486850738525,0.7570115923881531,CLASS 
0:00:00.999967,30,0.3862839341163635,2.009601354598999,0.670655369758606,CLASS 
0:00:00.999967,31,0.5722582340240479,2.091747283935547,0.29311293363571167,CLASS 
0:00:00.999967,32,0.42730817198753357,2.0843558311462402,0.17814740538597107,CLASS 
0:00:01.049838,0,0.5100216269493103,0.26921093463897705,-1.1660963296890259,CLASS 
0:00:01.049838,1,0.5325707197189331,0.22894948720932007,-1.1161134243011475,CLASS 
0:00:01.049838,2,0.5450257658958435,0.2294631451368332,-1.1162965297698975,CLASS 
0:00:01.049838,3,0.5568636655807495,0.23012660443782806,-1.1159731149673462,CLASS 
0:00:01.049838,4,0.4846944212913513,0.23167045414447784,-1.1204053163528442,CLASS 
0:00:01.049838,5,0.4687706530094147,0.2348933070898056,-1.1206969022750854,CLASS 
0:00:01.049838,6,0.4553883969783783,0.23837153613567352,-1.121123194694519,CLASS 
0:00:01.049838,7,0.5767110586166382,0.2567305266857147,-0.7125108242034912,CLASS 
0:00:01.049838,8,0.4403742253780365,0.27070721983909607,-0.7256957292556763,CLASS 
0:00:01.049838,9,0.5382753610610962,0.321686714887619,-1.011810541152954,CLASS 
0:00:01.049838,10,0.4821113049983978,0.32206085324287415,-1.0162551403045654,CLASS 
0:00:01.049838,11,0.6721664667129517,0.5365769863128662,-0.41074877977371216,CLASS 
0:00:01.049838,12,0.3565533459186554,0.5359417200088501,-0.418011337518692,CLASS 
0:00:01.049838,13,0.7100626230239868,0.9484869241714478,-0.7254993319511414,CLASS 
0:00:01.049838,14,0.2991238236427307,0.9416400790214539,-0.7276841998100281,CLASS 
0:00:01.049838,15,0.5994666814804077,0.802394688129425,-1.5313998460769653,CLASS 
0:00:01.049838,16,0.41925057768821716,0.804826557636261,-1.5779917240142822,CLASS 
0:00:01.049838,17,0.5873106718063354,0.7616974711418152,-1.6806434392929077,CLASS 
0:00:01.049838,18,0.44240203499794006,0.7685863375663757,-1.7257306575775146,CLASS 
0:00:01.049838,19,0.5910546779632568,0.7075320482254028,-1.6659791469573975,CLASS 
0:00:01.049838,20,0.43644389510154724,0.7103652954101562,-1.7176103591918945,CLASS 
0:00:01.049838,21,0.5899181365966797,0.71169114112854,-1.5391576290130615,CLASS 
0:00:01.049838,22,0.4343911111354828,0.7159231305122375,-1.5873510837554932,CLASS 
0:00:01.049838,23,0.6173083782196045,1.1245214939117432,-0.029187384992837906,CLASS 
0:00:01.049838,24,0.4099327027797699,1.0661784410476685,0.0313272699713707,CLASS 
0:00:01.049838,25,0.6080494523048401,1.5703322887420654,0.1348523646593094,CLASS 
0:00:01.049838,26,0.3880041241645813,1.5624099969863892,0.1587148904800415,CLASS 
0:00:01.049838,27,0.6012903451919556,1.9565894603729248,0.7196349501609802,CLASS 
0:00:01.049838,28,0.392490416765213,1.9510786533355713,0.6290013790130615,CLASS 
0:00:01.049838,29,0.6056006550788879,2.0129261016845703,0.7481351494789124,CLASS 
0:00:01.049838,30,0.3860103189945221,2.009636878967285,0.6600019335746765,CLASS 
0:00:01.049838,31,0.571497917175293,2.0926289558410645,0.28289327025413513,CLASS 
0:00:01.049838,32,0.4266584515571594,2.085289716720581,0.16773846745491028,CLASS 
0:00:01.097873,0,0.5109590291976929,0.26960813999176025,-1.1773483753204346,CLASS 
0:00:01.097873,1,0.5332947969436646,0.22942893207073212,-1.1269340515136719,CLASS 
0:00:01.097873,2,0.5455023646354675,0.2300836741924286,-1.1271358728408813,CLASS 
0:00:01.097873,3,0.5573540925979614,0.2308310866355896,-1.1268033981323242,CLASS 
0:00:01.097873,4,0.4855446219444275,0.23188969492912292,-1.1312060356140137,CLASS 
0:00:01.097873,5,0.4696761667728424,0.23506513237953186,-1.1315028667449951,CLASS 
0:00:01.097873,6,0.455879271030426,0.2386135756969452,-1.1319401264190674,CLASS 
0:00:01.097873,7,0.5768741369247437,0.2578178346157074,-0.7226345539093018,CLASS 
0:00:01.097873,8,0.4406956136226654,0.2714163362979889,-0.7358245849609375,CLASS 
0:00:01.097873,9,0.53877192735672,0.32252731919288635,-1.022963285446167,CLASS 
0:00:01.097873,10,0.48301100730895996,0.32274329662323,-1.0275535583496094,CLASS 
0:00:01.097873,11,0.671760082244873,0.5389567613601685,-0.4200323522090912,CLASS 
0:00:01.097873,12,0.356529176235199,0.5366441011428833,-0.4273817539215088,CLASS 
0:00:01.097873,13,0.7101218104362488,0.9482643604278564,-0.7390530109405518,CLASS 
0:00:01.097873,14,0.2983796000480652,0.9415733218193054,-0.7436628341674805,CLASS 
0:00:01.097873,15,0.6012113094329834,0.8018049597740173,-1.536800742149353,CLASS 
0:00:01.097873,16,0.4177674651145935,0.8058639168739319,-1.5937011241912842,CLASS 
0:00:01.097873,17,0.5857056975364685,0.760305643081665,-1.686057686805725,CLASS 
0:00:01.097873,18,0.4404226839542389,0.7689980864524841,-1.7437375783920288,CLASS 
0:00:01.097873,19,0.5881975293159485,0.7064810395240784,-1.6704295873641968,CLASS 
0:00:01.097873,20,0.4349241256713867,0.711807370185852,-1.7342296838760376,CLASS 
0:00:01.097873,21,0.5880168676376343,0.7108989357948303,-1.5447108745574951,CLASS 
0:00:01.097873,22,0.4332035183906555,0.7180507183074951,-1.602614402770996,CLASS 
0:00:01.097873,23,0.6171972155570984,1.1252437829971313,-0.03162678703665733,CLASS 
0:00:01.097873,24,0.4097774624824524,1.0658013820648193,0.033742498606443405,CLASS 
0:00:01.097873,25,0.6066753268241882,1.570604681968689,0.12880900502204895,CLASS 
0:00:01.097873,26,0.38798728585243225,1.5627806186676025,0.1562737375497818,CLASS 
0:00:01.097873,27,0.5994918346405029,1.9563753604888916,0.7142961621284485,CLASS 
0:00:01.097873,28,0.3925777077674866,1.9509230852127075,0.6288243532180786,CLASS 
0:00:01.097873,29,0.6033416986465454,2.0126357078552246,0.7429733872413635,CLASS 
0:00:01.097873,30,0.38613227009773254,2.009418487548828,0.6602919101715088,CLASS 
0:00:01.097873,31,0.5696137547492981,2.0925796031951904,0.2795284390449524,CLASS 
0:00:01.097873,32,0.42646390199661255,2.084848165512085,0.16935770213603973,CLASS 
0:00:01.146396,0,0.5113820433616638,0.2705012559890747,-1.1808735132217407,CLASS 
0:00:01.146396,1,0.5336245894432068,0.2303779423236847,-1.1312828063964844,CLASS 
0:00:01.146396,2,0.5457297563552856,0.23114751279354095,-1.1314572095870972,CLASS 
0:00:01.146396,3,0.5575027465820312,0.23200297355651855,-1.1311371326446533,CLASS 
0:00:01.146396,4,0.48607930541038513,0.23249506950378418,-1.13604736328125,CLASS 
0:00:01.146396,5,0.4702560007572174,0.23564790189266205,-1.1363457441329956,CLASS 
0:00:01.146396,6,0.45624494552612305,0.2392195165157318,-1.1367621421813965,CLASS 
0:00:01.146396,7,0.576882004737854,0.259004145860672,-0.7275264859199524,CLASS 
0:00:01.146396,8,0.44095486402511597,0.27204465866088867,-0.7434528470039368,CLASS 
0:00:01.146396,9,0.5389035940170288,0.3235539197921753,-1.0262720584869385,CLASS 
0:00:01.146396,10,0.4833817481994629,0.3235597610473633,-1.031558871269226,CLASS 
0:00:01.146396,11,0.6714774370193481,0.5394616723060608,-0.4194314479827881,CLASS 
0:00:01.146396,12,0.3562268018722534,0.5372301340103149,-0.4316677153110504,CLASS 
0:00:01.146396,13,0.7108849287033081,0.948147714138031,-0.7314175963401794,CLASS 
0:00:01.146396,14,0.2978784143924713,0.9413329362869263,-0.7494392395019531,CLASS 
0:00:01.146396,15,0.6034907102584839,0.7992404699325562,-1.5317518711090088,CLASS 
0:00:01.146396,16,0.41724759340286255,0.8050547242164612,-1.6034215688705444,CLASS 
0:00:01.146396,17,0.5874750018119812,0.7581803202629089,-1.6807218790054321,CLASS 
0:00:01.146396,18,0.4397309720516205,0.7677134275436401,-1.753171682357788,CLASS 
0:00:01.146396,19,0.5883170366287231,0.705170214176178,-1.6638619899749756,CLASS 
0:00:01.146396,20,0.43478497862815857,0.7115544676780701,-1.7438634634017944,CLASS 
0:00:01.146396,21,0.5877512097358704,0.7100533843040466,-1.5390373468399048,CLASS 
0:00:01.146396,22,0.4333847165107727,0.7184555530548096,-1.6120713949203491,CLASS 
0:00:01.146396,23,0.6171737909317017,1.124998688697815,-0.03257032111287117,CLASS 
0:00:01.146396,24,0.4097476601600647,1.06493079662323,0.03468356654047966,CLASS 
0:00:01.146396,25,0.6060932278633118,1.5703855752944946,0.12305526435375214,CLASS 
0:00:01.146396,26,0.3879398703575134,1.562462329864502,0.15228882431983948,CLASS 
0:00:01.146396,27,0.5986438393592834,1.9562216997146606,0.7046878337860107,CLASS 
0:00:01.146396,28,0.3924952745437622,1.9507777690887451,0.6212615966796875,CLASS 
0:00:01.146396,29,0.6023753881454468,2.0125303268432617,0.7329751253128052,CLASS 
0:00:01.146396,30,0.3861828148365021,2.009345769882202,0.6525014638900757,CLASS 
0:00:01.146396,31,0.5685437321662903,2.092477321624756,0.2712938189506531,CLASS 
0:00:01.146396,32,0.4258634150028229,2.084404468536377,0.1628139615058899,CLASS 
0:00:01.194580,0,0.511925220489502,0.2713252305984497,-1.1509554386138916,CLASS 
0:00:01.194580,1,0.5339987874031067,0.23142917454242706,-1.1013455390930176,CLASS 
0:00:01.194580,2,0.545956015586853,0.23229394853115082,-1.1015056371688843,CLASS 
0:00:01.194580,3,0.5576497316360474,0.23324935138225555,-1.1011617183685303,CLASS 
0:00:01.194580,4,0.4867100119590759,0.23317097127437592,-1.1065781116485596,CLASS 
0:00:01.194580,5,0.4709739089012146,0.2362891137599945,-1.106855034828186,CLASS 
0:00:01.194580,6,0.4566996693611145,0.23984916508197784,-1.1072824001312256,CLASS 
0:00:01.194580,7,0.5768864154815674,0.2601284682750702,-0.7000595927238464,CLASS 
0:00:01.194580,8,0.4412543773651123,0.2723698318004608,-0.7185007929801941,CLASS 
0:00:01.194580,9,0.5391024947166443,0.3244434595108032,-0.9972575902938843,CLASS 
0:00:01.194580,10,0.4837549328804016,0.3241949677467346,-1.0032106637954712,CLASS 
0:00:01.194580,11,0.6712820529937744,0.5395763516426086,-0.39458364248275757,CLASS 
0:00:01.194580,12,0.35619550943374634,0.5374032855033875,-0.4137120842933655,CLASS 
0:00:01.194580,13,0.7113064527511597,0.9480558037757874,-0.7216044664382935,CLASS 
0:00:01.194580,14,0.2974810004234314,0.9404460787773132,-0.7392975091934204,CLASS 
0:00:01.194580,15,0.6034196615219116,0.7954422235488892,-1.527661681175232,CLASS 
0:00:01.194580,16,0.4166422486305237,0.8031855225563049,-1.5733927488327026,CLASS 
0:00:01.194580,17,0.5870355367660522,0.7540673017501831,-1.6756492853164673,CLASS 
0:00:01.194580,18,0.43801864981651306,0.7644824981689453,-1.7211511135101318,CLASS 
0:00:01.194580,19,0.5867365598678589,0.7011125683784485,-1.6572997570037842,CLASS 
0:00:01.194580,20,0.4334399700164795,0.7085064649581909,-1.716778039932251,CLASS 
0:00:01.194580,21,0.5862165689468384,0.7067745923995972,-1.5339735746383667,CLASS 
0:00:01.194580,22,0.43260544538497925,0.7159020900726318,-1.5826306343078613,CLASS 
0:00:01.194580,23,0.6174408197402954,1.1249226331710815,-0.0320591926574707,CLASS 
0:00:01.194580,24,0.41032829880714417,1.0632262229919434,0.03417879715561867,CLASS 
0:00:01.194580,25,0.606127142906189,1.569478154182434,0.12147834151983261,CLASS 
0:00:01.194580,26,0.3876807391643524,1.5612021684646606,0.14841832220554352,CLASS 
0:00:01.194580,27,0.5983094573020935,1.9548513889312744,0.6961193680763245,CLASS 
0:00:01.194580,28,0.39162111282348633,1.9491136074066162,0.6030150055885315,CLASS 
0:00:01.194580,29,0.6018515825271606,2.010859489440918,0.723761260509491,CLASS 
0:00:01.194580,30,0.38526350259780884,2.007388114929199,0.6314736604690552,CLASS 
0:00:01.194580,31,0.5685194730758667,2.0911710262298584,0.262116938829422,CLASS 
0:00:01.194580,32,0.4252473711967468,2.0831105709075928,0.14411459863185883,CLASS 
0:00:01.242434,0,0.5124918222427368,0.2718421518802643,-1.1399457454681396,CLASS 
0:00:01.242434,1,0.5344049334526062,0.23198533058166504,-1.0902882814407349,CLASS 
0:00:01.242434,2,0.5462296605110168,0.23286524415016174,-1.0904440879821777,CLASS 
0:00:01.242434,3,0.5578905940055847,0.23377543687820435,-1.0900981426239014,CLASS 
0:00:01.242434,4,0.48725682497024536,0.23357711732387543,-1.0954248905181885,CLASS 
0:00:01.242434,5,0.4715758264064789,0.23663970828056335,-1.0957005023956299,CLASS 
0:00:01.242434,6,0.4571074843406677,0.24015650153160095,-1.09612238407135,CLASS 
0:00:01.242434,7,0.5768869519233704,0.2604375183582306,-0.6902015209197998,CLASS 
0:00:01.242434,8,0.4415746331214905,0.27240124344825745,-0.7081187963485718,CLASS 
0:00:01.242434,9,0.5393271446228027,0.3249342739582062,-0.9866889715194702,CLASS 
0:00:01.242434,10,0.48413220047950745,0.3245849311351776,-0.9925110936164856,CLASS 
0:00:01.242434,11,0.6711529493331909,0.5396785140037537,-0.3867200016975403,CLASS 
0:00:01.242434,12,0.35617685317993164,0.5374212265014648,-0.4044809341430664,CLASS 
0:00:01.242434,13,0.7115934491157532,0.9480980634689331,-0.7163915634155273,CLASS 
0:00:01.242434,14,0.29718029499053955,0.9401175379753113,-0.7172500491142273,CLASS 
0:00:01.242434,15,0.6036425828933716,0.7937018275260925,-1.526214361190796,CLASS 
0:00:01.242434,16,0.416120707988739,0.8026344180107117,-1.5462350845336914,CLASS 
0:00:01.242434,17,0.5866594910621643,0.752619743347168,-1.672996163368225,CLASS 
0:00:01.242434,18,0.4367147982120514,0.7625331878662109,-1.692630410194397,CLASS 
0:00:01.242434,19,0.5860733389854431,0.6991826295852661,-1.6534640789031982,CLASS 
0:00:01.242434,20,0.4324577748775482,0.7073843479156494,-1.6876881122589111,CLASS 
0:00:01.242434,21,0.5858644247055054,0.7051230072975159,-1.5313565731048584,CLASS 
0:00:01.242434,22,0.431914746761322,0.7151631116867065,-1.5555068254470825,CLASS 
0:00:01.242434,23,0.6175886988639832,1.1248122453689575,-0.031980060040950775,CLASS 
0:00:01.242434,24,0.41076427698135376,1.0626308917999268,0.03409603238105774,CLASS 
0:00:01.242434,25,0.6061147451400757,1.5690573453903198,0.12217523902654648,CLASS 
0:00:01.242434,26,0.3875456154346466,1.560516357421875,0.1449843794107437,CLASS 
0:00:01.242434,27,0.5980365872383118,1.9542444944381714,0.693418025970459,CLASS 
0:00:01.242434,28,0.3913341164588928,1.9481748342514038,0.5978879928588867,CLASS 
0:00:01.242434,29,0.6014824509620667,2.0101213455200195,0.7208731770515442,CLASS 
0:00:01.242434,30,0.38502806425094604,2.0061542987823486,0.6256159543991089,CLASS 
0:00:01.242434,31,0.5684448480606079,2.0904529094696045,0.26008978486061096,CLASS 
0:00:01.242434,32,0.4250946640968323,2.0825674533843994,0.13974542915821075,CLASS 
0:00:01.290167,0,0.5129237771034241,0.27219218015670776,-1.1325228214263916,CLASS 
0:00:01.290167,1,0.5347744822502136,0.23248542845249176,-1.0821362733840942,CLASS 
0:00:01.290167,2,0.5464789271354675,0.2334221452474594,-1.0822933912277222,CLASS 
0:00:01.290167,3,0.5581434369087219,0.2343534529209137,-1.081944227218628,CLASS 
0:00:01.290167,4,0.487722784280777,0.23380708694458008,-1.0877918004989624,CLASS 
0:00:01.290167,5,0.47211748361587524,0.23678116500377655,-1.0880647897720337,CLASS 
0:00:01.290167,6,0.45746541023254395,0.24025312066078186,-1.088482141494751,CLASS 
0:00:01.290167,7,0.5768953561782837,0.2608678936958313,-0.6816394329071045,CLASS 
0:00:01.290167,8,0.4418480396270752,0.27239635586738586,-0.7019690871238708,CLASS 
0:00:01.290167,9,0.5394676923751831,0.32535216212272644,-0.9792572259902954,CLASS 
0:00:01.290167,10,0.48433223366737366,0.3248578906059265,-0.9857639074325562,CLASS 
0:00:01.290167,11,0.6709805727005005,0.539786159992218,-0.3793162703514099,CLASS 
0:00:01.290167,12,0.35616934299468994,0.5376272797584534,-0.4006447196006775,CLASS 
0:00:01.290167,13,0.7118263840675354,0.9481916427612305,-0.7077071070671082,CLASS 
0:00:01.290167,14,0.29700160026550293,0.9399977326393127,-0.7076607942581177,CLASS 
0:00:01.290167,15,0.6048693656921387,0.7925386428833008,-1.5176292657852173,CLASS 
0:00:01.290167,16,0.4170196056365967,0.8013360500335693,-1.5297701358795166,CLASS 
0:00:01.290167,17,0.5879197716712952,0.7512552738189697,-1.66584050655365,CLASS 
0:00:01.290167,18,0.43662792444229126,0.7595266103744507,-1.6743253469467163,CLASS 
0:00:01.290167,19,0.5869554281234741,0.6974373459815979,-1.6515796184539795,CLASS 
0:00:01.290167,20,0.43243536353111267,0.7049418687820435,-1.6684846878051758,CLASS 
0:00:01.290167,21,0.5867146253585815,0.7035577297210693,-1.5250535011291504,CLASS 
0:00:01.290167,22,0.43230924010276794,0.7131204605102539,-1.5389140844345093,CLASS 
0:00:01.290167,23,0.6175893545150757,1.1242964267730713,-0.030085792765021324,CLASS 
0:00:01.290167,24,0.4110686182975769,1.0618852376937866,0.032188571989536285,CLASS 
0:00:01.290167,25,0.6055260300636292,1.5682101249694824,0.12486817687749863,CLASS 
0:00:01.290167,26,0.38689619302749634,1.5591062307357788,0.14383375644683838,CLASS 
0:00:01.290167,27,0.5968941450119019,1.9528653621673584,0.6915603280067444,CLASS 
0:00:01.290167,28,0.39033958315849304,1.9464422464370728,0.5868479013442993,CLASS 
0:00:01.290167,29,0.6002123951911926,2.008631944656372,0.7187635898590088,CLASS 
0:00:01.290167,30,0.3840097486972809,2.0040812492370605,0.6140215992927551,CLASS 
0:00:01.290167,31,0.5676023364067078,2.0885918140411377,0.25912073254585266,CLASS 
0:00:01.290167,32,0.4245968461036682,2.0811095237731934,0.13007518649101257,CLASS 
0:00:01.338412,0,0.5131087303161621,0.27249518036842346,-1.1285525560379028,CLASS 
0:00:01.338412,1,0.5350167155265808,0.23293815553188324,-1.0786129236221313,CLASS 
0:00:01.338412,2,0.5466622114181519,0.23393000662326813,-1.0787605047225952,CLASS 
0:00:01.338412,3,0.5583450198173523,0.23488207161426544,-1.0784035921096802,CLASS 
0:00:01.338412,4,0.48799562454223633,0.23400817811489105,-1.0842983722686768,CLASS 
0:00:01.338412,5,0.47240743041038513,0.23690953850746155,-1.0845692157745361,CLASS 
0:00:01.338412,6,0.45766955614089966,0.24034000933170319,-1.0849865674972534,CLASS 
0:00:01.338412,7,0.5769333839416504,0.26131579279899597,-0.678719699382782,CLASS 
0:00:01.338412,8,0.44196653366088867,0.2723962962627411,-0.6994158625602722,CLASS 
0:00:01.338412,9,0.5395429134368896,0.3256925940513611,-0.9753710627555847,CLASS 
0:00:01.338412,10,0.48442816734313965,0.32505711913108826,-0.9818829298019409,CLASS 
0:00:01.338412,11,0.6709179878234863,0.5398237705230713,-0.3755285143852234,CLASS 
0:00:01.338412,12,0.35615089535713196,0.5376288294792175,-0.39898353815078735,CLASS 
0:00:01.338412,13,0.7120231986045837,0.9482488632202148,-0.6989747881889343,CLASS 
0:00:01.338412,14,0.2968229055404663,0.9397475123405457,-0.7048897743225098,CLASS 
0:00:01.338412,15,0.6046210527420044,0.7921844720840454,-1.5077787637710571,CLASS 
0:00:01.338412,16,0.4177436828613281,0.8012867569923401,-1.529762625694275,CLASS 
0:00:01.338412,17,0.5870403051376343,0.7511466145515442,-1.6570087671279907,CLASS 
0:00:01.338412,18,0.436933696269989,0.7588281631469727,-1.6745952367782593,CLASS 
0:00:01.338412,19,0.5855478048324585,0.6974060535430908,-1.644258737564087,CLASS 
0:00:01.338412,20,0.4326779842376709,0.7044298052787781,-1.668410301208496,CLASS 
0:00:01.338412,21,0.5855676531791687,0.7033717632293701,-1.515862226486206,CLASS 
0:00:01.338412,22,0.43272536993026733,0.7127352356910706,-1.538976788520813,CLASS 
0:00:01.338412,23,0.6176056861877441,1.1233761310577393,-0.027925889939069748,CLASS 
0:00:01.338412,24,0.4111485481262207,1.0612114667892456,0.030042987316846848,CLASS 
0:00:01.338412,25,0.6053142547607422,1.5669617652893066,0.12678124010562897,CLASS 
0:00:01.338412,26,0.3865012526512146,1.5571578741073608,0.14249727129936218,CLASS 
0:00:01.338412,27,0.5964112877845764,1.9511810541152954,0.6906264424324036,CLASS 
0:00:01.338412,28,0.3896913230419159,1.9446736574172974,0.579177737236023,CLASS 
0:00:01.338412,29,0.5996198058128357,2.006854295730591,0.7176810503005981,CLASS 
0:00:01.338412,30,0.38325268030166626,2.0022943019866943,0.6063544154167175,CLASS 
0:00:01.338412,31,0.5674706101417542,2.0867059230804443,0.25834378600120544,CLASS 
0:00:01.338412,32,0.42419081926345825,2.079169511795044,0.12129779160022736,CLASS 
