time,index,x,y,z,pose_id
0:00:00.112811,0,0.5629439949989319,0.2841460406780243,-0.7889876961708069,SIXTEEN 
0:00:00.112811,1,0.58499675989151,0.24107855558395386,-0.7290945053100586,SIXTEEN 
0:00:00.112811,2,0.5965225100517273,0.24163097143173218,-0.7294495701789856,SIXTEEN 
0:00:00.112811,3,0.610413670539856,0.24290227890014648,-0.7293295860290527,SIXTEEN 
0:00:00.112811,4,0.5369804501533508,0.2402646541595459,-0.7339016795158386,SIXTEEN 
0:00:00.112811,5,0.5202330946922302,0.24045491218566895,-0.7340285181999207,SIXTEEN 
0:00:00.112811,6,0.5046004056930542,0.2420291304588318,-0.7344854474067688,SIXTEEN 
0:00:00.112811,7,0.6274548768997192,0.2710663676261902,-0.33785220980644226,SIXTEEN 
0:00:00.112811,8,0.4863787293434143,0.27548378705978394,-0.35440880060195923,SIXTEEN 
0:00:00.112811,9,0.5880138278007507,0.3400571942329407,-0.6467163562774658,SIXTEEN 
0:00:00.112811,10,0.5308257341384888,0.3440174460411072,-0.6526484489440918,SIXTEEN 
0:00:00.112811,11,0.7251021265983582,0.542443573474884,-0.1075984388589859,SIXTEEN 
0:00:00.112811,12,0.40904927253723145,0.5603411197662354,-0.13050878047943115,SIXTEEN 
0:00:00.112811,13,0.8051122426986694,0.8983560800552368,-0.14444255828857422,SIXTEEN 
0:00:00.112811,14,0.3202584981918335,0.9328384399414062,-0.5082203149795532,SIXTEEN 
0:00:00.112811,15,0.6774734854698181,1.004811406135559,-0.5599004626274109,SIXTEEN 
0:00:00.112811,16,0.33138275146484375,0.6851828694343567,-1.391135811805725,SIXTEEN 
0:00:00.112811,17,0.6333949565887451,1.0465086698532104,-0.6613505482673645,SIXTEEN 
0:00:00.112811,18,0.3186754882335663,0.6275331377983093,-1.5618760585784912,SIXTEEN 
0:00:00.112811,19,0.6186758279800415,1.0081501007080078,-0.6917588710784912,SIXTEEN 
0:00:00.112811,20,0.3164195120334625,0.5857553482055664,-1.5659360885620117,SIXTEEN 
0:00:00.112811,21,0.6329869627952576,0.9840974807739258,-0.579739511013031,SIXTEEN 
0:00:00.112811,22,0.3273124098777771,0.5982309579849243,-1.4147051572799683,SIXTEEN 
0:00:00.112811,23,0.6676872968673706,1.152319312095642,-0.007629755884408951,SIXTEEN 
0:00:00.112811,24,0.45084357261657715,1.1567556858062744,0.009267007932066917,SIXTEEN 
0:00:00.112811,25,0.6610062122344971,1.6157500743865967,0.06097625941038132,SIXTEEN 
0:00:00.112811,26,0.43999868631362915,1.6163455247879028,0.06686819344758987,SIXTEEN 
0:00:00.112811,27,0.6646749377250671,2.0382418632507324,0.5330358743667603,SIXTEEN 
0:00:00.112811,28,0.4578527510166168,2.0403316020965576,0.45739030838012695,SIXTEEN 
0:00:00.112811,29,0.6693717837333679,2.0960896015167236,0.5494113564491272,SIXTEEN 
0:00:00.112811,30,0.4551413655281067,2.0946216583251953,0.4793742299079895,SIXTEEN 
0:00:00.112811,31,0.645018458366394,2.162935972213745,0.07949919998645782,SIXTEEN 
0:00:00.112811,32,0.49209365248680115,2.1694624423980713,-0.03410343453288078,SIXTEEN 
0:00:00.157278,0,0.5612035393714905,0.28406551480293274,-0.8422560691833496,SIXTEEN 
0:00:00.157278,1,0.5842134356498718,0.24103404581546783,-0.7856565713882446,SIXTEEN 
0:00:00.157278,2,0.596381664276123,0.2415602058172226,-0.7860121130943298,SIXTEEN 
0:00:00.157278,3,0.6087596416473389,0.24278347194194794,-0.7858971357345581,SIXTEEN 
0:00:00.157278,4,0.5359628200531006,0.24047212302684784,-0.7854806184768677,SIXTEEN 
0:00:00.157278,5,0.5190802812576294,0.24136953055858612,-0.7855788469314575,SIXTEEN 
0:00:00.157278,6,0.504193902015686,0.2435082346200943,-0.7860203385353088,SIXTEEN 
0:00:00.157278,7,0.6266111731529236,0.27056562900543213,-0.40160316228866577,SIXTEEN 
0:00:00.157278,8,0.4863284230232239,0.27598050236701965,-0.39322206377983093,SIXTEEN 
0:00:00.157278,9,0.5879153609275818,0.3391816318035126,-0.7027028203010559,SIXTEEN 
0:00:00.157278,10,0.5297988653182983,0.342429518699646,-0.7015426754951477,SIXTEEN 
0:00:00.157278,11,0.7251020669937134,0.5427306890487671,-0.17188796401023865,SIXTEEN 
0:00:00.157278,12,0.4097158908843994,0.5604285597801208,-0.14698392152786255,SIXTEEN 
0:00:00.157278,13,0.8052763938903809,0.8985040187835693,-0.19108495116233826,SIXTEEN 
0:00:00.157278,14,0.3202899694442749,0.9328214526176453,-0.5240186452865601,SIXTEEN 
0:00:00.157278,15,0.6793867945671082,1.0118838548660278,-0.5745475888252258,SIXTEEN 
0:00:00.157278,16,0.3348846435546875,0.6836280226707458,-1.4328720569610596,SIXTEEN 
0:00:00.157278,17,0.6433182954788208,1.0725021362304688,-0.6723610162734985,SIXTEEN 
0:00:00.157278,18,0.3227980434894562,0.624454915523529,-1.6058485507965088,SIXTEEN 
0:00:00.157278,19,0.6171468496322632,1.0147018432617188,-0.7034693956375122,SIXTEEN 
0:00:00.157278,20,0.32068032026290894,0.5828345417976379,-1.6078602075576782,SIXTEEN 
0:00:00.157278,21,0.6326117515563965,0.9900909662246704,-0.5923864245414734,SIXTEEN 
0:00:00.157278,22,0.3321847915649414,0.5976392030715942,-1.4564859867095947,SIXTEEN 
0:00:00.157278,23,0.6682846546173096,1.1529666185379028,-0.014171501621603966,SIXTEEN 
0:00:00.157278,24,0.4515792429447174,1.1569342613220215,0.015849092975258827,SIXTEEN 
0:00:00.157278,25,0.6612337827682495,1.616684079170227,0.04262668639421463,SIXTEEN 
0:00:00.157278,26,0.44007739424705505,1.616458773612976,0.10072208940982819,SIXTEEN 
0:00:00.157278,27,0.663056492805481,2.039266347885132,0.5134872198104858,SIXTEEN 
0:00:00.157278,28,0.45554953813552856,2.040992498397827,0.5116012692451477,SIXTEEN 
0:00:00.157278,29,0.667518138885498,2.0965847969055176,0.5294721126556396,SIXTEEN 
0:00:00.157278,30,0.4531196653842926,2.0956530570983887,0.5364235043525696,SIXTEEN 
0:00:00.157278,31,0.6415013074874878,2.1654722690582275,0.05314531922340393,SIXTEEN 
0:00:00.157278,32,0.48653560876846313,2.1708920001983643,0.027203956618905067,SIXTEEN 
0:00:00.219228,0,0.5569156408309937,0.28405770659446716,-0.8717862367630005,SIXTEEN 
0:00:00.219228,1,0.581413209438324,0.24104195833206177,-0.8155770301818848,SIXTEEN 
0:00:00.219228,2,0.595284104347229,0.24156048893928528,-0.815902054309845,SIXTEEN 
0:00:00.219228,3,0.6063748002052307,0.24277938902378082,-0.8157723546028137,SIXTEEN 
0:00:00.219228,4,0.5331400632858276,0.24098819494247437,-0.816548228263855,SIXTEEN 
0:00:00.219228,5,0.5165976285934448,0.24261166155338287,-0.8167120218276978,SIXTEEN 
0:00:00.219228,6,0.5031459927558899,0.24518004059791565,-0.8171623349189758,SIXTEEN 
0:00:00.219228,7,0.625206470489502,0.27052685618400574,-0.4285110831260681,SIXTEEN 
0:00:00.219228,8,0.48591160774230957,0.2770098149776459,-0.4261472225189209,SIXTEEN 
0:00:00.219228,9,0.5862411260604858,0.33886459469795227,-0.7300531268119812,SIXTEEN 
0:00:00.219228,10,0.5269843935966492,0.3414286971092224,-0.7306457161903381,SIXTEEN 
0:00:00.219228,11,0.7250134944915771,0.5428875088691711,-0.18171581625938416,SIXTEEN 
0:00:00.219228,12,0.4103092551231384,0.5606207251548767,-0.17763078212738037,SIXTEEN 
0:00:00.219228,13,0.8054372668266296,0.8984354138374329,-0.18462824821472168,SIXTEEN 
0:00:00.219228,14,0.3203039765357971,0.9327981472015381,-0.550477921962738,SIXTEEN 
0:00:00.219228,15,0.6798871755599976,1.013632893562317,-0.5543571710586548,SIXTEEN 
0:00:00.219228,16,0.3406662344932556,0.683654248714447,-1.4485971927642822,SIXTEEN 
0:00:00.219228,17,0.6455458402633667,1.0770666599273682,-0.6443725228309631,SIXTEEN 
0:00:00.219228,18,0.3310105800628662,0.6244423389434814,-1.6189873218536377,SIXTEEN 
0:00:00.219228,19,0.6141629219055176,1.0158694982528687,-0.6770540475845337,SIXTEEN 
0:00:00.219228,20,0.3294218182563782,0.5828490853309631,-1.6235030889511108,SIXTEEN 
0:00:00.219228,21,0.6302264928817749,0.9912592768669128,-0.5710235834121704,SIXTEEN 
0:00:00.219228,22,0.3406262993812561,0.5985815525054932,-1.4721524715423584,SIXTEEN 
0:00:00.219228,23,0.6686077117919922,1.1533759832382202,-0.01460055261850357,SIXTEEN 
0:00:00.219228,24,0.45288461446762085,1.1570966243743896,0.016258707270026207,SIXTEEN 
0:00:00.219228,25,0.6613271832466125,1.6174935102462769,0.03263644129037857,SIXTEEN 
0:00:00.219228,26,0.44044941663742065,1.6164836883544922,0.09817097336053848,SIXTEEN 
0:00:00.219228,27,0.6618497967720032,2.0403292179107666,0.4964666962623596,SIXTEEN 
0:00:00.219228,28,0.4548245072364807,2.0417463779449463,0.49705472588539124,SIXTEEN 
0:00:00.219228,29,0.6660013794898987,2.0974106788635254,0.5114111304283142,SIXTEEN 
0:00:00.219228,30,0.45260411500930786,2.097144842147827,0.5195580124855042,SIXTEEN 
0:00:00.219228,31,0.6396886706352234,2.166901111602783,0.03597404807806015,SIXTEEN 
0:00:00.219228,32,0.4840063154697418,2.1714131832122803,0.015937741845846176,SIXTEEN 
0:00:00.261394,0,0.553565502166748,0.28453245759010315,-0.8802210092544556,SIXTEEN 
0:00:00.261394,1,0.5784786939620972,0.24162904918193817,-0.8235573768615723,SIXTEEN 
0:00:00.261394,2,0.5935685038566589,0.2421903908252716,-0.8238347768783569,SIXTEEN 
0:00:00.261394,3,0.6041861772537231,0.24334408342838287,-0.8236929178237915,SIXTEEN 
0:00:00.261394,4,0.5302118062973022,0.2426942139863968,-0.8276597261428833,SIXTEEN 
0:00:00.261394,5,0.5142601728439331,0.24512611329555511,-0.8278529047966003,SIXTEEN 
0:00:00.261394,6,0.5018336176872253,0.24820582568645477,-0.8282841444015503,SIXTEEN 
0:00:00.261394,7,0.6228457689285278,0.27082109451293945,-0.4324977993965149,SIXTEEN 
0:00:00.261394,8,0.48456668853759766,0.27893152832984924,-0.4448632299900055,SIXTEEN 
0:00:00.261394,9,0.5840726494789124,0.33910831809043884,-0.7366880178451538,SIXTEEN 
0:00:00.261394,10,0.5243037343025208,0.3413611650466919,-0.7412252426147461,SIXTEEN 
0:00:00.261394,11,0.7231618762016296,0.5428135395050049,-0.17799600958824158,SIXTEEN 
0:00:00.261394,12,0.40795081853866577,0.560117781162262,-0.20341725647449493,SIXTEEN 
0:00:00.261394,13,0.8054526448249817,0.8976698517799377,-0.17414894700050354,SIXTEEN 
0:00:00.261394,14,0.31979334354400635,0.9328763484954834,-0.5677309036254883,SIXTEEN 
0:00:00.261394,15,0.6822952032089233,1.0146079063415527,-0.5136775374412537,SIXTEEN 
0:00:00.261394,16,0.35017067193984985,0.6841551661491394,-1.4413951635360718,SIXTEEN 
0:00:00.261394,17,0.650356113910675,1.0787564516067505,-0.6002578735351562,SIXTEEN 
0:00:00.261394,18,0.3447425365447998,0.6303971409797668,-1.6143242120742798,SIXTEEN 
0:00:00.261394,19,0.6141913533210754,1.0179543495178223,-0.6351146101951599,SIXTEEN 
0:00:00.261394,20,0.3476170599460602,0.5897695422172546,-1.613273024559021,SIXTEEN 
0:00:00.261394,21,0.6302738189697266,0.9928408861160278,-0.5315818190574646,SIXTEEN 
0:00:00.261394,22,0.35708171129226685,0.6064354181289673,-1.4692245721817017,SIXTEEN 
0:00:00.261394,23,0.670019805431366,1.1533669233322144,-0.013731742277741432,SIXTEEN 
0:00:00.261394,24,0.4547128677368164,1.1573071479797363,0.01532113365828991,SIXTEEN 
0:00:00.261394,25,0.6626054048538208,1.6173776388168335,0.038320936262607574,SIXTEEN 
0:00:00.261394,26,0.4430096745491028,1.6166146993637085,0.09362058341503143,SIXTEEN 
0:00:00.261394,27,0.6619952917098999,2.0397400856018066,0.5201383829116821,SIXTEEN 
0:00:00.261394,28,0.4549040198326111,2.0419046878814697,0.49370822310447693,SIXTEEN 
0:00:00.261394,29,0.6660555601119995,2.096536874771118,0.5374933481216431,SIXTEEN 
0:00:00.261394,30,0.45270806550979614,2.097522020339966,0.5166770219802856,SIXTEEN 
0:00:00.261394,31,0.6397398114204407,2.1668882369995117,0.0675496906042099,SIXTEEN 
0:00:00.261394,32,0.48376622796058655,2.1716015338897705,0.010599158704280853,SIXTEEN 
0:00:00.326662,0,0.5510892868041992,0.2857421636581421,-0.9169360995292664,SIXTEEN 
0:00:00.326662,1,0.5760565996170044,0.2426629662513733,-0.8598033785820007,SIXTEEN 
0:00:00.326662,2,0.5917615294456482,0.24321988224983215,-0.8600834012031555,SIXTEEN 
0:00:00.326662,3,0.6023205518722534,0.24426500499248505,-0.8599365949630737,SIXTEEN 
0:00:00.326662,4,0.5274555683135986,0.2453446388244629,-0.8654902577400208,SIXTEEN 
0:00:00.326662,5,0.5121253728866577,0.24849694967269897,-0.8657841682434082,SIXTEEN 
0:00:00.326662,6,0.500298261642456,0.252031147480011,-0.8662657737731934,SIXTEEN 
0:00:00.326662,7,0.6209098696708679,0.2713446617126465,-0.46288618445396423,SIXTEEN 
0:00:00.326662,8,0.48358026146888733,0.28106001019477844,-0.4831539988517761,SIXTEEN 
0:00:00.326662,9,0.5822969675064087,0.33982598781585693,-0.7694222331047058,SIXTEEN 
0:00:00.326662,10,0.5224290490150452,0.3414449691772461,-0.7763470411300659,SIXTEEN 
0:00:00.326662,11,0.7215102910995483,0.5428377389907837,-0.18412944674491882,SIXTEEN 
0:00:00.326662,12,0.4066878855228424,0.5599194765090942,-0.23548321425914764,SIXTEEN 
0:00:00.326662,13,0.8053795695304871,0.8963495492935181,-0.17283281683921814,SIXTEEN 
0:00:00.326662,14,0.31816715002059937,0.9329443573951721,-0.5878655910491943,SIXTEEN 
0:00:00.326662,15,0.6844922304153442,1.0146443843841553,-0.5226886868476868,SIXTEEN 
0:00:00.326662,16,0.3657212555408478,0.6912215948104858,-1.4330778121948242,SIXTEEN 
0:00:00.326662,17,0.6512535810470581,1.0771431922912598,-0.6114052534103394,SIXTEEN 
0:00:00.326662,18,0.3714129626750946,0.6394427418708801,-1.5905375480651855,SIXTEEN 
0:00:00.326662,19,0.6127049326896667,1.0185678005218506,-0.6435698866844177,SIXTEEN 
0:00:00.326662,20,0.37712958455085754,0.5970152616500854,-1.5809805393218994,SIXTEEN 
0:00:00.326662,21,0.630268931388855,0.9934073090553284,-0.5404963493347168,SIXTEEN 
0:00:00.326662,22,0.38204625248908997,0.614757776260376,-1.448464274406433,SIXTEEN 
0:00:00.326662,23,0.6701175570487976,1.154356598854065,-0.011708333157002926,SIXTEEN 
0:00:00.326662,24,0.45588499307632446,1.1587809324264526,0.013118567876517773,SIXTEEN 
0:00:00.326662,25,0.6623134016990662,1.6173783540725708,0.0400642454624176,SIXTEEN 
0:00:00.326662,26,0.4431632161140442,1.616436243057251,0.06937630474567413,SIXTEEN 
0:00:00.326662,27,0.6620057225227356,2.0396642684936523,0.5203045606613159,SIXTEEN 
0:00:00.326662,28,0.4553442895412445,2.0419363975524902,0.4604862630367279,SIXTEEN 
0:00:00.326662,29,0.666069507598877,2.0965287685394287,0.5376067757606506,SIXTEEN 
0:00:00.326662,30,0.45366883277893066,2.097914934158325,0.48138055205345154,SIXTEEN 
0:00:00.326662,31,0.6398006677627563,2.166874408721924,0.06785513460636139,SIXTEEN 
0:00:00.326662,32,0.4839095175266266,2.1715686321258545,-0.018496673554182053,SIXTEEN 
0:00:00.383081,0,0.5497390627861023,0.2867969870567322,-0.9597247242927551,SIXTEEN 
0:00:00.383081,1,0.5747107267379761,0.24384702742099762,-0.9041595458984375,SIXTEEN 
0:00:00.383081,2,0.5906367897987366,0.2443934828042984,-0.9044544100761414,SIXTEEN 
0:00:00.383081,3,0.6010798215866089,0.24535316228866577,-0.9043043851852417,SIXTEEN 
0:00:00.383081,4,0.5261943936347961,0.24737387895584106,-0.9088016748428345,SIXTEEN 
0:00:00.383081,5,0.5112269520759583,0.2508581578731537,-0.9091008901596069,SIXTEEN 
0:00:00.383081,6,0.49955981969833374,0.2544042766094208,-0.9095926284790039,SIXTEEN 
0:00:00.383081,7,0.6196480393409729,0.271726131439209,-0.5050028562545776,SIXTEEN 
0:00:00.383081,8,0.4833133816719055,0.28186994791030884,-0.5210416316986084,SIXTEEN 
0:00:00.383081,9,0.5811071991920471,0.3406132757663727,-0.809701144695282,SIXTEEN 
0:00:00.383081,10,0.5214561820030212,0.3416234850883484,-0.8155932426452637,SIXTEEN 
0:00:00.383081,11,0.7209123373031616,0.5428555011749268,-0.21514317393302917,SIXTEEN 
0:00:00.383081,12,0.40425926446914673,0.5586367249488831,-0.2547442615032196,SIXTEEN 
0:00:00.383081,13,0.8053655624389648,0.8955554962158203,-0.2055995911359787,SIXTEEN 
0:00:00.383081,14,0.3177872896194458,0.9329113364219666,-0.5885273218154907,SIXTEEN 
0:00:00.383081,15,0.6849719285964966,1.017185926437378,-0.5844625234603882,SIXTEEN 
0:00:00.383081,16,0.3658978044986725,0.7074882984161377,-1.4301661252975464,SIXTEEN 
0:00:00.383081,17,0.6502484083175659,1.0781210660934448,-0.6739535927772522,SIXTEEN 
0:00:00.383081,18,0.37927696108818054,0.656141459941864,-1.589812994003296,SIXTEEN 
0:00:00.383081,19,0.6110395193099976,1.0209050178527832,-0.7035700082778931,SIXTEEN 
0:00:00.383081,20,0.38404056429862976,0.6090637445449829,-1.5836180448532104,SIXTEEN 
0:00:00.383081,21,0.6283857822418213,0.9964420795440674,-0.6003409624099731,SIXTEEN 
0:00:00.383081,22,0.3853893280029297,0.6252781748771667,-1.4467072486877441,SIXTEEN 
0:00:00.383081,23,0.6696723699569702,1.1554584503173828,-0.012333627790212631,SIXTEEN 
0:00:00.383081,24,0.45586997270584106,1.1594736576080322,0.01369822770357132,SIXTEEN 
0:00:00.383081,25,0.6583589315414429,1.6164381504058838,0.03327200189232826,SIXTEEN 
0:00:00.383081,26,0.44130295515060425,1.6136391162872314,0.0688360258936882,SIXTEEN 
0:00:00.383081,27,0.6597594022750854,2.0388786792755127,0.5151666402816772,SIXTEEN 
0:00:00.383081,28,0.4545203745365143,2.041030168533325,0.4599929451942444,SIXTEEN 
0:00:00.383081,29,0.6636773347854614,2.0961968898773193,0.5320736169815063,SIXTEEN 
0:00:00.383081,30,0.45335787534713745,2.0976827144622803,0.4807808995246887,SIXTEEN 
0:00:00.383081,31,0.6377348899841309,2.166381359100342,0.05923270434141159,SIXTEEN 
0:00:00.383081,32,0.4824104309082031,2.1705942153930664,-0.019154556095600128,SIXTEEN 
0:00:00.451107,0,0.5486479997634888,0.2880333364009857,-0.9894824028015137,SIXTEEN 
0:00:00.451107,1,0.5736528635025024,0.2452237457036972,-0.9330583810806274,SIXTEEN 
0:00:00.451107,2,0.5896954536437988,0.24584335088729858,-0.9333618879318237,SIXTEEN 
0:00:00.451107,3,0.6001141667366028,0.24679629504680634,-0.9332003593444824,SIXTEEN 
0:00:00.451107,4,0.525092601776123,0.24906086921691895,-0.9390242695808411,SIXTEEN 
0:00:00.451107,5,0.5103217959403992,0.25258925557136536,-0.9393259286880493,SIXTEEN 
0:00:00.451107,6,0.4988185465335846,0.256026029586792,-0.9398075342178345,SIXTEEN 
0:00:00.451107,7,0.6184185743331909,0.27256712317466736,-0.5283056497573853,SIXTEEN 
0:00:00.451107,8,0.48293250799179077,0.2825915217399597,-0.5512362718582153,SIXTEEN 
0:00:00.451107,9,0.5801007747650146,0.34194085001945496,-0.8363887667655945,SIXTEEN 
0:00:00.451107,10,0.5207036137580872,0.34196266531944275,-0.8442627787590027,SIXTEEN 
0:00:00.451107,11,0.7202482223510742,0.5431625247001648,-0.23196253180503845,SIXTEEN 
0:00:00.451107,12,0.40026313066482544,0.5588445663452148,-0.2757225036621094,SIXTEEN 
0:00:00.451107,13,0.8052789568901062,0.8944860696792603,-0.21945154666900635,SIXTEEN 
0:00:00.451107,14,0.3166959583759308,0.935404896736145,-0.5914254188537598,SIXTEEN 
0:00:00.451107,15,0.6868793368339539,1.0182874202728271,-0.6285015344619751,SIXTEEN 
0:00:00.451107,16,0.3644222319126129,0.7294018268585205,-1.4315600395202637,SIXTEEN 
0:00:00.451107,17,0.6497114896774292,1.0776697397232056,-0.7225638031959534,SIXTEEN 
0:00:00.451107,18,0.3830718994140625,0.6792066097259521,-1.590457797050476,SIXTEEN 
0:00:00.451107,19,0.6104556918144226,1.0221278667449951,-0.7524675130844116,SIXTEEN 
0:00:00.451107,20,0.3869856297969818,0.6306911110877991,-1.5891166925430298,SIXTEEN 
0:00:00.451107,21,0.6276460289955139,0.9979104995727539,-0.6449142694473267,SIXTEEN 
0:00:00.451107,22,0.3861653208732605,0.6447337865829468,-1.448160171508789,SIXTEEN 
0:00:00.451107,23,0.6696808934211731,1.15827476978302,-0.012306621298193932,SIXTEEN 
0:00:00.451107,24,0.4562529921531677,1.1631447076797485,0.013680008240044117,SIXTEEN 
0:00:00.451107,25,0.6581304669380188,1.6164326667785645,0.03090064227581024,SIXTEEN 
0:00:00.451107,26,0.4416969418525696,1.6135159730911255,0.06827658414840698,SIXTEEN 
0:00:00.451107,27,0.6602293252944946,2.0388123989105225,0.515579342842102,SIXTEEN 
0:00:00.451107,28,0.4560222625732422,2.040705442428589,0.4662448465824127,SIXTEEN 
0:00:00.451107,29,0.6641095876693726,2.0962533950805664,0.5324872136116028,SIXTEEN 
0:00:00.451107,30,0.4552026391029358,2.097654104232788,0.48734188079833984,SIXTEEN 
0:00:00.451107,31,0.6384917497634888,2.1662092208862305,0.05981551483273506,SIXTEEN 
0:00:00.451107,32,0.4837823808193207,2.1694953441619873,-0.011687562800943851,SIXTEEN 
0:00:00.520402,0,0.5480629205703735,0.2885940372943878,-1.0100951194763184,SIXTEEN 
0:00:00.520402,1,0.572947084903717,0.24591892957687378,-0.9600035548210144,SIXTEEN 
0:00:00.520402,2,0.5890240669250488,0.24640683829784393,-0.9602811932563782,SIXTEEN 
0:00:00.520402,3,0.5993906259536743,0.2471974492073059,-0.9601709246635437,SIXTEEN 
0:00:00.520402,4,0.524030327796936,0.25013837218284607,-0.9641208648681641,SIXTEEN 
0:00:00.520402,5,0.5095250010490417,0.25373560190200806,-0.9644357562065125,SIXTEEN 
0:00:00.520402,6,0.49794119596481323,0.25707781314849854,-0.96491938829422,SIXTEEN 
0:00:00.520402,7,0.6177388429641724,0.27258551120758057,-0.572189450263977,SIXTEEN 
0:00:00.520402,8,0.48243603110313416,0.28302431106567383,-0.5860639810562134,SIXTEEN 
0:00:00.520402,9,0.5797216296195984,0.3422577977180481,-0.8613687753677368,SIXTEEN 
0:00:00.520402,10,0.5201002359390259,0.34213557839393616,-0.8664951324462891,SIXTEEN 
0:00:00.520402,11,0.7202566266059875,0.5431609749794006,-0.2712327837944031,SIXTEEN 
0:00:00.520402,12,0.4001215398311615,0.5583547353744507,-0.3060866892337799,SIXTEEN 
0:00:00.520402,13,0.8051306009292603,0.8943194150924683,-0.2642962336540222,SIXTEEN 
0:00:00.520402,14,0.3156752288341522,0.936926007270813,-0.5836541652679443,SIXTEEN 
0:00:00.520402,15,0.6870625615119934,1.0195163488388062,-0.6927057504653931,SIXTEEN 
0:00:00.520402,16,0.36286818981170654,0.7372848391532898,-1.3863400220870972,SIXTEEN 
0:00:00.520402,17,0.6481338143348694,1.077195405960083,-0.7899574041366577,SIXTEEN 
0:00:00.520402,18,0.3798754811286926,0.6880146861076355,-1.5368678569793701,SIXTEEN 
0:00:00.520402,19,0.6082471013069153,1.0220290422439575,-0.8217250108718872,SIXTEEN 
0:00:00.520402,20,0.3821105360984802,0.6400370001792908,-1.5464096069335938,SIXTEEN 
0:00:00.520402,21,0.6275392770767212,0.9978596568107605,-0.7100130915641785,SIXTEEN 
0:00:00.520402,22,0.38238847255706787,0.6542758941650391,-1.4034717082977295,SIXTEEN 
0:00:00.520402,23,0.6693378686904907,1.1574183702468872,-0.011186020448803902,SIXTEEN 
0:00:00.520402,24,0.45636874437332153,1.1614598035812378,0.012444449588656425,SIXTEEN 
0:00:00.520402,25,0.6571201086044312,1.6138595342636108,0.03195871785283089,SIXTEEN 
0:00:00.520402,26,0.4416984021663666,1.60921311378479,0.05836702510714531,SIXTEEN 
0:00:00.520402,27,0.6602672338485718,2.0352683067321777,0.5108405351638794,SIXTEEN 
0:00:00.520402,28,0.4560645520687103,2.0365490913391113,0.4436000883579254,SIXTEEN 
0:00:00.520402,29,0.6641458868980408,2.0932555198669434,0.5277993679046631,SIXTEEN 
0:00:00.520402,30,0.4552991986274719,2.094390869140625,0.46267038583755493,SIXTEEN 
0:00:00.520402,31,0.6384264230728149,2.1620073318481445,0.05851047486066818,SIXTEEN 
0:00:00.520402,32,0.48386090993881226,2.1631948947906494,-0.03214877098798752,SIXTEEN 
0:00:00.591188,0,0.5481747388839722,0.2887749969959259,-0.9981997609138489,SIXTEEN 
0:00:00.591188,1,0.5730176568031311,0.24614325165748596,-0.9489924311637878,SIXTEEN 
0:00:00.591188,2,0.5890005826950073,0.24653616547584534,-0.9492813348770142,SIXTEEN 
0:00:00.591188,3,0.5992730855941772,0.24729715287685394,-0.9491596221923828,SIXTEEN 
0:00:00.591188,4,0.5241091251373291,0.25031277537345886,-0.9527252316474915,SIXTEEN 
0:00:00.591188,5,0.5094980001449585,0.2539144456386566,-0.9529948234558105,SIXTEEN 
0:00:00.591188,6,0.49781545996665955,0.2571637034416199,-0.9534671902656555,SIXTEEN 
0:00:00.591188,7,0.6176367998123169,0.2725883424282074,-0.5637384653091431,SIXTEEN 
0:00:00.591188,8,0.4822436273097992,0.28307971358299255,-0.5754595994949341,SIXTEEN 
0:00:00.591188,9,0.5797430276870728,0.3423657715320587,-0.8510951995849609,SIXTEEN 
0:00:00.591188,10,0.520147979259491,0.3421924412250519,-0.8554856181144714,SIXTEEN 
0:00:00.591188,11,0.72036212682724,0.5431617498397827,-0.2691648602485657,SIXTEEN 
0:00:00.591188,12,0.4001743197441101,0.5578899383544922,-0.297117680311203,SIXTEEN 
0:00:00.591188,13,0.8051046133041382,0.894235372543335,-0.25144606828689575,SIXTEEN 
0:00:00.591188,14,0.31568339467048645,0.9373535513877869,-0.5812581181526184,SIXTEEN 
0:00:00.591188,15,0.6870136260986328,1.0202511548995972,-0.6699935793876648,SIXTEEN 
0:00:00.591188,16,0.35776522755622864,0.7377966642379761,-1.3798023462295532,SIXTEEN 
0:00:00.591188,17,0.6479477882385254,1.079171895980835,-0.7660614252090454,SIXTEEN 
0:00:00.591188,18,0.36964547634124756,0.6857450008392334,-1.5327517986297607,SIXTEEN 
0:00:00.591188,19,0.6081675291061401,1.0230778455734253,-0.8011447787284851,SIXTEEN 
0:00:00.591188,20,0.3659469485282898,0.6376473307609558,-1.5475059747695923,SIXTEEN 
0:00:00.591188,21,0.6269251704216003,0.9988740682601929,-0.6884565353393555,SIXTEEN 
0:00:00.591188,22,0.36916422843933105,0.6524789929389954,-1.4002330303192139,SIXTEEN 
0:00:00.591188,23,0.6687780618667603,1.1570420265197754,-0.011157185770571232,SIXTEEN 
0:00:00.591188,24,0.45585355162620544,1.159960389137268,0.012421220541000366,SIXTEEN 
0:00:00.591188,25,0.6560714244842529,1.6136730909347534,0.03225545957684517,SIXTEEN 
0:00:00.591188,26,0.44082269072532654,1.6081675291061401,0.05904116481542587,SIXTEEN 
0:00:00.591188,27,0.6578218936920166,2.0344948768615723,0.510965883731842,SIXTEEN 
0:00:00.591188,28,0.45248278975486755,2.0361123085021973,0.44410914182662964,SIXTEEN 
0:00:00.591188,29,0.6614474058151245,2.092243194580078,0.5282463431358337,SIXTEEN 
0:00:00.591188,30,0.45111703872680664,2.094221830368042,0.46361836791038513,SIXTEEN 
0:00:00.591188,31,0.6345919370651245,2.161824941635132,0.06225905939936638,SIXTEEN 
0:00:00.591188,32,0.47956734895706177,2.1627883911132812,-0.033036500215530396,SIXTEEN 
0:00:00.672375,0,0.5482443571090698,0.28902748227119446,-0.9839996099472046,SIXTEEN 
0:00:00.672375,1,0.5731903910636902,0.24654391407966614,-0.9330745935440063,SIXTEEN 
0:00:00.672375,2,0.5890591740608215,0.24682168662548065,-0.9333866238594055,SIXTEEN 
0:00:00.672375,3,0.5993122458457947,0.24758221209049225,-0.9332613945007324,SIXTEEN 
0:00:00.672375,4,0.5244013667106628,0.25048011541366577,-0.9392806887626648,SIXTEEN 
0:00:00.672375,5,0.5095694661140442,0.2540254294872284,-0.9395238757133484,SIXTEEN 
0:00:00.672375,6,0.4978279173374176,0.2571674585342407,-0.9399803280830383,SIXTEEN 
0:00:00.672375,7,0.6175928115844727,0.2726638913154602,-0.5417345762252808,SIXTEEN 
0:00:00.672375,8,0.4822358191013336,0.28310781717300415,-0.5657190084457397,SIXTEEN 
0:00:00.672375,9,0.5798718333244324,0.3424157202243805,-0.8353545069694519,SIXTEEN 
0:00:00.672375,10,0.5203534364700317,0.3422093689441681,-0.8430355787277222,SIXTEEN 
0:00:00.672375,11,0.7204521894454956,0.5433282852172852,-0.254820853471756,SIXTEEN 
0:00:00.672375,12,0.4002816677093506,0.5590749979019165,-0.2953510284423828,SIXTEEN 
0:00:00.672375,13,0.8050594329833984,0.8942245841026306,-0.23924699425697327,SIXTEEN 
0:00:00.672375,14,0.31661126017570496,0.9373823404312134,-0.5957221388816833,SIXTEEN 
0:00:00.672375,15,0.6874627470970154,1.0213338136672974,-0.6635202765464783,SIXTEEN 
0:00:00.672375,16,0.3509928584098816,0.7366160750389099,-1.433013677597046,SIXTEEN 
0:00:00.672375,17,0.6485310792922974,1.0801030397415161,-0.7617460489273071,SIXTEEN 
0:00:00.672375,18,0.3465067744255066,0.6823171973228455,-1.5896971225738525,SIXTEEN 
0:00:00.672375,19,0.609414279460907,1.0259299278259277,-0.799204409122467,SIXTEEN 
0:00:00.672375,20,0.3402581810951233,0.6343008875846863,-1.613324522972107,SIXTEEN 
0:00:00.672375,21,0.6278982758522034,1.0013699531555176,-0.6835697889328003,SIXTEEN 
0:00:00.672375,22,0.3482925593852997,0.6495435833930969,-1.4585015773773193,SIXTEEN 
0:00:00.672375,23,0.6688411235809326,1.1569197177886963,-0.009194491431117058,SIXTEEN 
0:00:00.672375,24,0.45584630966186523,1.159756064414978,0.010484684258699417,SIXTEEN 
0:00:00.672375,25,0.656253457069397,1.6136763095855713,0.06772511452436447,SIXTEEN 
0:00:00.672375,26,0.44075846672058105,1.6082462072372437,0.06671265512704849,SIXTEEN 
0:00:00.672375,27,0.6574780344963074,2.0336458683013916,0.5723407864570618,SIXTEEN 
0:00:00.672375,28,0.45098167657852173,2.035668134689331,0.479142963886261,SIXTEEN 
0:00:00.672375,29,0.6610049605369568,2.090834856033325,0.593116819858551,SIXTEEN 
0:00:00.672375,30,0.44901594519615173,2.0936126708984375,0.5023723840713501,SIXTEEN 
0:00:00.672375,31,0.6340384483337402,2.16120982170105,0.13343209028244019,SIXTEEN 
0:00:00.672375,32,0.47843313217163086,2.1623072624206543,0.0020143711008131504,SIXTEEN 
0:00:00.753351,0,0.5487008094787598,0.28911659121513367,-0.9746915102005005,SIXTEEN 
0:00:00.753351,1,0.5736312866210938,0.24664732813835144,-0.9238382577896118,SIXTEEN 
0:00:00.753351,2,0.5892449021339417,0.24686966836452484,-0.924146831035614,SIXTEEN 
0:00:00.753351,3,0.599346935749054,0.2476479858160019,-0.9240276217460632,SIXTEEN 
0:00:00.753351,4,0.5253002047538757,0.2504730820655823,-0.9295486211776733,SIXTEEN 
0:00:00.753351,5,0.5099862217903137,0.25398579239845276,-0.9297671318054199,SIXTEEN 
0:00:00.753351,6,0.49795985221862793,0.2571386396884918,-0.9302178621292114,SIXTEEN 
0:00:00.753351,7,0.6176098585128784,0.27268001437187195,-0.5354806780815125,SIXTEEN 
0:00:00.753351,8,0.48244133591651917,0.28308072686195374,-0.5563148260116577,SIXTEEN 
0:00:00.753351,9,0.5801235437393188,0.3424060046672821,-0.8277697563171387,SIXTEEN 
0:00:00.753351,10,0.5209203362464905,0.3421831727027893,-0.8346821665763855,SIXTEEN 
0:00:00.753351,11,0.7206870913505554,0.5434901714324951,-0.25608840584754944,SIXTEEN 
0:00:00.753351,12,0.4011455476284027,0.5602282881736755,-0.28690609335899353,SIXTEEN 
0:00:00.753351,13,0.8049945831298828,0.8945322036743164,-0.24712398648262024,SIXTEEN 
0:00:00.753351,14,0.3166544735431671,0.9378092288970947,-0.5897790789604187,SIXTEEN 
0:00:00.753351,15,0.6879113912582397,1.024147629737854,-0.6823217272758484,SIXTEEN 
0:00:00.753351,16,0.3408171534538269,0.7340479493141174,-1.4294273853302002,SIXTEEN 
0:00:00.753351,17,0.6511918902397156,1.079760193824768,-0.7834442257881165,SIXTEEN 
0:00:00.753351,18,0.32911092042922974,0.6819880604743958,-1.587347149848938,SIXTEEN 
0:00:00.753351,19,0.6116397380828857,1.0283128023147583,-0.8212143778800964,SIXTEEN 
0:00:00.753351,20,0.32245320081710815,0.6328080892562866,-1.6072118282318115,SIXTEEN 
0:00:00.753351,21,0.6299020648002625,1.0056023597717285,-0.7034376859664917,SIXTEEN 
0:00:00.753351,22,0.33248814940452576,0.6477787494659424,-1.4540512561798096,SIXTEEN 
0:00:00.753351,23,0.669047474861145,1.155887246131897,-0.008228992111980915,SIXTEEN 
0:00:00.753351,24,0.455883264541626,1.1585417985916138,0.009549646638333797,SIXTEEN 
0:00:00.753351,25,0.6569199562072754,1.613487720489502,0.07331160455942154,SIXTEEN 
0:00:00.753351,26,0.44076719880104065,1.6083101034164429,0.07502385228872299,SIXTEEN 
0:00:00.753351,27,0.6575274467468262,2.033159017562866,0.5771214365959167,SIXTEEN 
0:00:00.753351,28,0.45064759254455566,2.035691499710083,0.4926997125148773,SIXTEEN 
0:00:00.753351,29,0.661084771156311,2.08996844291687,0.5976217985153198,SIXTEEN 
0:00:00.753351,30,0.44841474294662476,2.0935280323028564,0.5162261128425598,SIXTEEN 
0:00:00.753351,31,0.6341375708580017,2.1607255935668945,0.1350584328174591,SIXTEEN 
0:00:00.753351,32,0.47840481996536255,2.162355899810791,0.01159665547311306,SIXTEEN 
0:00:00.834080,0,0.549319863319397,0.2893691062927246,-0.9841119647026062,SIXTEEN 
0:00:00.834080,1,0.5740675926208496,0.24680493772029877,-0.9342777132987976,SIXTEEN 
0:00:00.834080,2,0.5894565582275391,0.2469165027141571,-0.9345930814743042,SIXTEEN 
0:00:00.834080,3,0.5993732213973999,0.2476889193058014,-0.9344695806503296,SIXTEEN 
0:00:00.834080,4,0.5259385704994202,0.2507621645927429,-0.9387038946151733,SIXTEEN 
0:00:00.834080,5,0.5102835893630981,0.2542940378189087,-0.9389297366142273,SIXTEEN 
0:00:00.834080,6,0.4980591833591461,0.257370263338089,-0.9393620491027832,SIXTEEN 
0:00:00.834080,7,0.6177234649658203,0.2726808786392212,-0.5494197010993958,SIXTEEN 
0:00:00.834080,8,0.48265719413757324,0.28336426615715027,-0.5636287927627563,SIXTEEN 
0:00:00.834080,9,0.5808485746383667,0.3424244523048401,-0.8387864232063293,SIXTEEN 
0:00:00.834080,10,0.5218185782432556,0.34245213866233826,-0.843901515007019,SIXTEEN 
0:00:00.834080,11,0.7213070392608643,0.5437198281288147,-0.27882492542266846,SIXTEEN 
0:00:00.834080,12,0.40339428186416626,0.5608114004135132,-0.28881821036338806,SIXTEEN 
0:00:00.834080,13,0.8049982786178589,0.8951844573020935,-0.28474265336990356,SIXTEEN 
0:00:00.834080,14,0.3169228434562683,0.9375991225242615,-0.595106840133667,SIXTEEN 
0:00:00.834080,15,0.6870006918907166,1.0244947671890259,-0.718856692314148,SIXTEEN 
0:00:00.834080,16,0.3306425213813782,0.7328874468803406,-1.4471209049224854,SIXTEEN 
0:00:00.834080,17,0.6510629653930664,1.0803992748260498,-0.8212040066719055,SIXTEEN 
0:00:00.834080,18,0.3139097988605499,0.6687549948692322,-1.6072946786880493,SIXTEEN 
0:00:00.834080,19,0.6115918159484863,1.0294359922409058,-0.8567988276481628,SIXTEEN 
0:00:00.834080,20,0.3093351125717163,0.619945764541626,-1.6248867511749268,SIXTEEN 
0:00:00.834080,21,0.6297224760055542,1.0072866678237915,-0.7385808229446411,SIXTEEN 
0:00:00.834080,22,0.3208751380443573,0.6392993330955505,-1.4724655151367188,SIXTEEN 
0:00:00.834080,23,0.6694757342338562,1.1555927991867065,-0.008219549432396889,SIXTEEN 
0:00:00.834080,24,0.45634031295776367,1.158392310142517,0.009538316167891026,SIXTEEN 
0:00:00.834080,25,0.6579684615135193,1.6134891510009766,0.07858793437480927,SIXTEEN 
0:00:00.834080,26,0.4409240186214447,1.6087958812713623,0.08887121826410294,SIXTEEN 
0:00:00.834080,27,0.6580153703689575,2.03299617767334,0.5884078741073608,SIXTEEN 
0:00:00.834080,28,0.4507312774658203,2.0358612537384033,0.5124214291572571,SIXTEEN 
0:00:00.834080,29,0.6617661714553833,2.089618444442749,0.6095669269561768,SIXTEEN 
0:00:00.834080,30,0.44856777787208557,2.0935468673706055,0.536641001701355,SIXTEEN 
0:00:00.834080,31,0.6346800923347473,2.160405397415161,0.14645236730575562,SIXTEEN 
0:00:00.834080,32,0.47849732637405396,2.1626603603363037,0.03394079953432083,SIXTEEN 
0:00:00.908465,0,0.549416184425354,0.289985716342926,-0.9932242631912231,SIXTEEN 
0:00:00.908465,1,0.5741269588470459,0.24745869636535645,-0.9434537887573242,SIXTEEN 
0:00:00.908465,2,0.5894730091094971,0.2473900020122528,-0.9437750577926636,SIXTEEN 
0:00:00.908465,3,0.599398136138916,0.24806331098079681,-0.9436541795730591,SIXTEEN 
0:00:00.908465,4,0.5259971618652344,0.2517635226249695,-0.9456236958503723,SIXTEEN 
0:00:00.908465,5,0.5103250741958618,0.25519439578056335,-0.9458503723144531,SIXTEEN 
0:00:00.908465,6,0.49806874990463257,0.25808313488960266,-0.9462772607803345,SIXTEEN 
0:00:00.908465,7,0.6177370548248291,0.2727815806865692,-0.559701144695282,SIXTEEN 
0:00:00.908465,8,0.4827079176902771,0.28397589921951294,-0.5639199018478394,SIXTEEN 
0:00:00.908465,9,0.580894947052002,0.34252044558525085,-0.8492928743362427,SIXTEEN 
0:00:00.908465,10,0.5218486189842224,0.3428152799606323,-0.8515976071357727,SIXTEEN 
0:00:00.908465,11,0.7218445539474487,0.5441598892211914,-0.2955833971500397,SIXTEEN 
0:00:00.908465,12,0.40389886498451233,0.5608707070350647,-0.28315770626068115,SIXTEEN 
0:00:00.908465,13,0.8049919009208679,0.8968501687049866,-0.30429136753082275,SIXTEEN 
0:00:00.908465,14,0.31661948561668396,0.9370524883270264,-0.6049250364303589,SIXTEEN 
0:00:00.908465,15,0.6786494851112366,1.0248790979385376,-0.7178974747657776,SIXTEEN 
0:00:00.908465,16,0.32305294275283813,0.7206181287765503,-1.4846113920211792,SIXTEEN 
0:00:00.908465,17,0.6287437081336975,1.0736429691314697,-0.8177815675735474,SIXTEEN 
0:00:00.908465,18,0.3049229085445404,0.6500216722488403,-1.6503522396087646,SIXTEEN 
0:00:00.908465,19,0.6047722697257996,1.029583215713501,-0.8484033346176147,SIXTEEN 
0:00:00.908465,20,0.30224499106407166,0.6024224162101746,-1.658921480178833,SIXTEEN 
0:00:00.908465,21,0.6236371994018555,1.008311152458191,-0.7343651056289673,SIXTEEN 
0:00:00.908465,22,0.31407418847084045,0.6236619353294373,-1.5083398818969727,SIXTEEN 
0:00:00.908465,23,0.6694636344909668,1.1260428428649902,-0.010970796458423138,SIXTEEN 
0:00:00.908465,24,0.45605772733688354,1.1580952405929565,0.012269800528883934,SIXTEEN 
0:00:00.908465,25,0.6579905152320862,1.6135083436965942,0.07776869833469391,SIXTEEN 
0:00:00.908465,26,0.44003528356552124,1.6090450286865234,0.11799271404743195,SIXTEEN 
0:00:00.908465,27,0.657450795173645,2.0329275131225586,0.5886309742927551,SIXTEEN 
0:00:00.908465,28,0.4493114948272705,2.035884141921997,0.5579995512962341,SIXTEEN 
0:00:00.908465,29,0.6613112092018127,2.0893893241882324,0.6098920702934265,SIXTEEN 
0:00:00.908465,30,0.44730129837989807,2.0933704376220703,0.5849604606628418,SIXTEEN 
0:00:00.908465,31,0.6340961456298828,2.1603925228118896,0.14328321814537048,SIXTEEN 
0:00:00.908465,32,0.4775112569332123,2.1633377075195312,0.08171422779560089,SIXTEEN 
0:00:00.972574,0,0.5495668649673462,0.2908744812011719,-0.9847407341003418,SIXTEEN 
0:00:00.972574,1,0.5742831826210022,0.24827417731285095,-0.9343833923339844,SIXTEEN 
0:00:00.972574,2,0.5895400643348694,0.24800261855125427,-0.9347082376480103,SIXTEEN 
0:00:00.972574,3,0.5994307398796082,0.24856875836849213,-0.9345892667770386,SIXTEEN 
0:00:00.972574,4,0.5262356996536255,0.2529100179672241,-0.936680793762207,SIXTEEN 
0:00:00.972574,5,0.5105150938034058,0.2561921775341034,-0.9369036555290222,SIXTEEN 
0:00:00.972574,6,0.4981866478919983,0.2588948905467987,-0.9373364448547363,SIXTEEN 
0:00:00.972574,7,0.6179615259170532,0.2729854881763458,-0.5505763292312622,SIXTEEN 
0:00:00.972574,8,0.48293694853782654,0.28462523221969604,-0.5552104115486145,SIXTEEN 
0:00:00.972574,9,0.5811876058578491,0.3427659869194031,-0.8409172892570496,SIXTEEN 
0:00:00.972574,10,0.5221813917160034,0.34352907538414,-0.843303382396698,SIXTEEN 
0:00:00.972574,11,0.722464919090271,0.5446380972862244,-0.29056254029273987,SIXTEEN 
0:00:00.972574,12,0.40469345450401306,0.5608888268470764,-0.2807198166847229,SIXTEEN 
0:00:00.972574,13,0.8049278259277344,0.898063600063324,-0.2990245223045349,SIXTEEN 
0:00:00.972574,14,0.31600192189216614,0.9350429177284241,-0.6006505489349365,SIXTEEN 
0:00:00.972574,15,0.6748039126396179,1.0258095264434814,-0.7060218453407288,SIXTEEN 
0:00:00.972574,16,0.3183445930480957,0.7047697305679321,-1.4783607721328735,SIXTEEN 
0:00:00.972574,17,0.630233883857727,1.0762851238250732,-0.8055421113967896,SIXTEEN 
0:00:00.972574,18,0.29880812764167786,0.6308271884918213,-1.6449922323226929,SIXTEEN 
0:00:00.972574,19,0.6033633351325989,1.0297353267669678,-0.8364790678024292,SIXTEEN 
0:00:00.972574,20,0.2980465292930603,0.5853564739227295,-1.6519695520401,SIXTEEN 
0:00:00.972574,21,0.6220837831497192,1.0093159675598145,-0.7228010892868042,SIXTEEN 
0:00:00.972574,22,0.31025177240371704,0.6070502996444702,-1.5018459558486938,SIXTEEN 
0:00:00.972574,23,0.6694653630256653,1.1127928495407104,-0.01309870183467865,SIXTEEN 
0:00:00.972574,24,0.45583876967430115,1.1574825048446655,0.014407102949917316,SIXTEEN 
0:00:00.972574,25,0.6580002903938293,1.613390326499939,0.07871107757091522,SIXTEEN 
0:00:00.972574,26,0.43916672468185425,1.6090986728668213,0.1336168795824051,SIXTEEN 
0:00:00.972574,27,0.6565583348274231,2.0325701236724854,0.5890007615089417,SIXTEEN 
0:00:00.972574,28,0.44806909561157227,2.035579204559326,0.5775319933891296,SIXTEEN 
0:00:00.972574,29,0.6604207754135132,2.0887954235076904,0.6102780699729919,SIXTEEN 
0:00:00.972574,30,0.4461349546909332,2.092287540435791,0.6054587960243225,SIXTEEN 
0:00:00.972574,31,0.6333606839179993,2.1600873470306396,0.14280489087104797,SIXTEEN 
0:00:00.972574,32,0.47681325674057007,2.1634695529937744,0.10174175351858139,SIXTEEN 
0:00:01.036308,0,0.5497817993164062,0.2911469638347626,-0.9903680086135864,SIXTEEN 
0:00:01.036308,1,0.5745031833648682,0.248534694314003,-0.9411332011222839,SIXTEEN 
0:00:01.036308,2,0.5896569490432739,0.24818864464759827,-0.9414518475532532,SIXTEEN 
0:00:01.036308,3,0.5995017290115356,0.2487526535987854,-0.9413326382637024,SIXTEEN 
0:00:01.036308,4,0.5266821980476379,0.2531715929508209,-0.9428406953811646,SIXTEEN 
0:00:01.036308,5,0.5108581781387329,0.25642552971839905,-0.9430506825447083,SIXTEEN 
0:00:01.036308,6,0.49838995933532715,0.2590520977973938,-0.9434722661972046,SIXTEEN 
0:00:01.036308,7,0.6183037757873535,0.27314794063568115,-0.5620527863502502,SIXTEEN 
0:00:01.036308,8,0.4832283854484558,0.2848817706108093,-0.5636143088340759,SIXTEEN 
0:00:01.036308,9,0.5814605951309204,0.3428276479244232,-0.8484953045845032,SIXTEEN 
0:00:01.036308,10,0.5225419998168945,0.3437049686908722,-0.8500785827636719,SIXTEEN 
0:00:01.036308,11,0.722971498966217,0.5450266003608704,-0.3058517873287201,SIXTEEN 
0:00:01.036308,12,0.40523475408554077,0.560967206954956,-0.28088676929473877,SIXTEEN 
0:00:01.036308,13,0.8048800230026245,0.8992736339569092,-0.30599266290664673,SIXTEEN 
0:00:01.036308,14,0.31556352972984314,0.9346349239349365,-0.597939133644104,SIXTEEN 
0:00:01.036308,15,0.6743565201759338,1.02666437625885,-0.7076460123062134,SIXTEEN 
0:00:01.036308,16,0.3171299695968628,0.701029360294342,-1.4766662120819092,SIXTEEN 
0:00:01.036308,17,0.6324213147163391,1.0784223079681396,-0.8065890073776245,SIXTEEN 
0:00:01.036308,18,0.2988101541996002,0.6266098618507385,-1.6427838802337646,SIXTEEN 
0:00:01.036308,19,0.6033780574798584,1.0305649042129517,-0.8396288752555847,SIXTEEN 
0:00:01.036308,20,0.29778364300727844,0.5812024474143982,-1.6500027179718018,SIXTEEN 
0:00:01.036308,21,0.6219754219055176,1.009900450706482,-0.725380539894104,SIXTEEN 
0:00:01.036308,22,0.31035324931144714,0.6034679412841797,-1.4991681575775146,SIXTEEN 
0:00:01.036308,23,0.6698774099349976,1.1207581758499146,-0.013773945160210133,SIXTEEN 
0:00:01.036308,24,0.45583924651145935,1.1557987928390503,0.015093201771378517,SIXTEEN 
0:00:01.036308,25,0.6581460237503052,1.6123337745666504,0.08590682595968246,SIXTEEN 
0:00:01.036308,26,0.43894997239112854,1.6090244054794312,0.1399063766002655,SIXTEEN 
0:00:01.036308,27,0.6565746068954468,2.0309510231018066,0.6074754595756531,SIXTEEN 
0:00:01.036308,28,0.4479530453681946,2.0349011421203613,0.5872046947479248,SIXTEEN 
0:00:01.036308,29,0.6604416370391846,2.086895704269409,0.6303704977035522,SIXTEEN 
0:00:01.036308,30,0.44606393575668335,2.090707540512085,0.6154156923294067,SIXTEEN 
0:00:01.036308,31,0.6334359049797058,2.1585848331451416,0.1648813635110855,SIXTEEN 
0:00:01.036308,32,0.4768604636192322,2.16352915763855,0.1116599589586258,SIXTEEN 
0:00:01.109672,0,0.5505683422088623,0.2913563847541809,-1.018782377243042,SIXTEEN 
0:00:01.109672,1,0.575082004070282,0.24873442947864532,-0.9710335731506348,SIXTEEN 
0:00:01.109672,2,0.5899540185928345,0.2483661025762558,-0.9713314771652222,SIXTEEN 
0:00:01.109672,3,0.5996928215026855,0.2489708513021469,-0.9712079167366028,SIXTEEN 
0:00:01.109672,4,0.5278249979019165,0.2532805800437927,-0.9729932546615601,SIXTEEN 
0:00:01.109672,5,0.5117346048355103,0.2565220594406128,-0.9732260704040527,SIXTEEN 
0:00:01.109672,6,0.4989018440246582,0.2591257691383362,-0.973660945892334,SIXTEEN 
0:00:01.109672,7,0.6187196969985962,0.27343007922172546,-0.5929058194160461,SIXTEEN 
0:00:01.109672,8,0.48361268639564514,0.28513163328170776,-0.5963409543037415,SIXTEEN 
0:00:01.109672,9,0.5820276737213135,0.34291261434555054,-0.8764541745185852,SIXTEEN 
0:00:01.109672,10,0.5234211683273315,0.3438943326473236,-0.8785257339477539,SIXTEEN 
0:00:01.109672,11,0.723548948764801,0.5453222990036011,-0.3294162154197693,SIXTEEN 
0:00:01.109672,12,0.4058549404144287,0.561212956905365,-0.3057704567909241,SIXTEEN 
0:00:01.109672,13,0.8047884106636047,0.9001680612564087,-0.3272743225097656,SIXTEEN 
0:00:01.109672,14,0.3142246901988983,0.9347356557846069,-0.6143223643302917,SIXTEEN 
0:00:01.109672,15,0.6737414598464966,1.0275343656539917,-0.729141354560852,SIXTEEN 
0:00:01.109672,16,0.3186943829059601,0.701280415058136,-1.4697625637054443,SIXTEEN 
0:00:01.109672,17,0.6332204937934875,1.0827107429504395,-0.8267256617546082,SIXTEEN 
0:00:01.109672,18,0.3030475378036499,0.6289011240005493,-1.63314950466156,SIXTEEN 
0:00:01.109672,19,0.6020651459693909,1.030669093132019,-0.8584793210029602,SIXTEEN 
0:00:01.109672,20,0.3017880320549011,0.583450436592102,-1.6407945156097412,SIXTEEN 
0:00:01.109672,21,0.6209613084793091,1.0099226236343384,-0.7456592321395874,SIXTEEN 
0:00:01.109672,22,0.31358352303504944,0.6049461364746094,-1.491830587387085,SIXTEEN 
0:00:01.109672,23,0.670628547668457,1.1291042566299438,-0.013787319883704185,SIXTEEN 
0:00:01.109672,24,0.45591479539871216,1.155549168586731,0.015101867727935314,SIXTEEN 
0:00:01.109672,25,0.6584063172340393,1.6122872829437256,0.09313172847032547,SIXTEEN 
0:00:01.109672,26,0.43890804052352905,1.6090909242630005,0.13744565844535828,SIXTEEN 
0:00:01.109672,27,0.6567214727401733,2.0303235054016113,0.6184788346290588,SIXTEEN 
0:00:01.109672,28,0.44794386625289917,2.034729242324829,0.5836905241012573,SIXTEEN 
0:00:01.109672,29,0.66061931848526,2.086094379425049,0.6418993473052979,SIXTEEN 
0:00:01.109672,30,0.4460563063621521,2.09022855758667,0.6116309762001038,SIXTEEN 
0:00:01.109672,31,0.6336031556129456,2.158226251602173,0.1788255125284195,SIXTEEN 
0:00:01.109672,32,0.47692328691482544,2.16359806060791,0.11108355224132538,SIXTEEN 
0:00:01.178721,0,0.551413357257843,0.291402131319046,-1.0104234218597412,SIXTEEN 
0:00:01.178721,1,0.5757075548171997,0.24879999458789825,-0.9619913101196289,SIXTEEN 
0:00:01.178721,2,0.5903036594390869,0.2484341412782669,-0.9622821807861328,SIXTEEN 
0:00:01.178721,3,0.5999504327774048,0.24908564984798431,-0.9621502161026001,SIXTEEN 
0:00:01.178721,4,0.5287607908248901,0.25328224897384644,-0.9637821912765503,SIXTEEN 
0:00:01.178721,5,0.512471079826355,0.25651827454566956,-0.9639909863471985,SIXTEEN 
0:00:01.178721,6,0.49932122230529785,0.2591165602207184,-0.964419960975647,SIXTEEN 
0:00:01.178721,7,0.6190924644470215,0.27362996339797974,-0.5836043357849121,SIXTEEN 
0:00:01.178721,8,0.48398375511169434,0.2852313220500946,-0.5859867930412292,SIXTEEN 
0:00:01.178721,9,0.5825504064559937,0.34292346239089966,-0.8685015439987183,SIXTEEN 
0:00:01.178721,10,0.5241610407829285,0.343937486410141,-0.8702554702758789,SIXTEEN 
0:00:01.178721,11,0.7239967584609985,0.5455297827720642,-0.32497739791870117,SIXTEEN 
0:00:01.178721,12,0.40688300132751465,0.5617020726203918,-0.2993953824043274,SIXTEEN 
0:00:01.178721,13,0.804779052734375,0.9009587168693542,-0.3270588517189026,SIXTEEN 
0:00:01.178721,14,0.3136216402053833,0.935200572013855,-0.610954225063324,SIXTEEN 
0:00:01.178721,15,0.6739860773086548,1.0284388065338135,-0.7329972982406616,SIXTEEN 
0:00:01.178721,16,0.3198608458042145,0.701716959476471,-1.4648493528366089,SIXTEEN 
0:00:01.178721,17,0.6333653926849365,1.0851829051971436,-0.8324376344680786,SIXTEEN 
0:00:01.178721,18,0.3054264187812805,0.6302233338356018,-1.6278409957885742,SIXTEEN 
0:00:01.178721,19,0.6013609170913696,1.0306131839752197,-0.8645607829093933,SIXTEEN 
0:00:01.178721,20,0.3040861487388611,0.5843390822410583,-1.635790467262268,SIXTEEN 
0:00:01.178721,21,0.6205426454544067,1.0096924304962158,-0.7499657869338989,SIXTEEN 
0:00:01.178721,22,0.3155495822429657,0.6060912609100342,-1.4869685173034668,SIXTEEN 
0:00:01.178721,23,0.6724628210067749,1.1339486837387085,-0.013968929648399353,SIXTEEN 
0:00:01.178721,24,0.4561479687690735,1.155408263206482,0.015293237753212452,SIXTEEN 
0:00:01.178721,25,0.6600464582443237,1.612289547920227,0.09538011252880096,SIXTEEN 
0:00:01.178721,26,0.43892160058021545,1.6095861196517944,0.13314899802207947,SIXTEEN 
0:00:01.178721,27,0.6576583385467529,2.030317544937134,0.6229106187820435,SIXTEEN 
0:00:01.178721,28,0.4479677677154541,2.0348703861236572,0.5722665190696716,SIXTEEN 
0:00:01.178721,29,0.6616151332855225,2.0860788822174072,0.6463901996612549,SIXTEEN 
0:00:01.178721,30,0.446084588766098,2.09023380279541,0.5993606448173523,SIXTEEN 
0:00:01.178721,31,0.6350494623184204,2.1582727432250977,0.1826765239238739,SIXTEEN 
0:00:01.178721,32,0.477095365524292,2.164919137954712,0.0964101105928421,SIXTEEN 
0:00:01.261782,0,0.5520610809326172,0.29143574833869934,-1.0045173168182373,SIXTEEN 
0:00:01.261782,1,0.5761204957962036,0.24882598221302032,-0.9556132555007935,SIXTEEN 
0:00:01.261782,2,0.5905318856239319,0.2484612613916397,-0.955909252166748,SIXTEEN 
0:00:01.261782,3,0.6001030206680298,0.24913954734802246,-0.9557793736457825,SIXTEEN 
0:00:01.261782,4,0.5293916463851929,0.2532826066017151,-0.9578443765640259,SIXTEEN 
0:00:01.261782,5,0.5130019783973694,0.25651776790618896,-0.958057701587677,SIXTEEN 
0:00:01.261782,6,0.4996315836906433,0.25911471247673035,-0.9584909677505493,SIXTEEN 
0:00:01.261782,7,0.6193146705627441,0.27378928661346436,-0.5760966539382935,SIXTEEN 
0:00:01.261782,8,0.4842730164527893,0.285386860370636,-0.5809839367866516,SIXTEEN 
0:00:01.261782,9,0.5829368829727173,0.3429322838783264,-0.8621300458908081,SIXTEEN 
0:00:01.261782,10,0.5247454047203064,0.34399139881134033,-0.864526093006134,SIXTEEN 
0:00:01.261782,11,0.7243003249168396,0.5458301305770874,-0.31447118520736694,SIXTEEN 
0:00:01.261782,12,0.40803104639053345,0.5622460246086121,-0.29795295000076294,SIXTEEN 
0:00:01.261782,13,0.8047630190849304,0.901440441608429,-0.31624484062194824,SIXTEEN 
0:00:01.261782,14,0.31350916624069214,0.9353678822517395,-0.6149255037307739,SIXTEEN 
0:00:01.261782,15,0.6741586923599243,1.0286163091659546,-0.7253044247627258,SIXTEEN 
0:00:01.261782,16,0.32060912251472473,0.7035083770751953,-1.4708268642425537,SIXTEEN 
0:00:01.261782,17,0.6341255307197571,1.0869871377944946,-0.8241212964057922,SIXTEEN 
0:00:01.261782,18,0.3068595230579376,0.6311284899711609,-1.6334388256072998,SIXTEEN 
0:00:01.261782,19,0.6014323830604553,1.0305397510528564,-0.8565355539321899,SIXTEEN 
0:00:01.261782,20,0.3055320680141449,0.5848719477653503,-1.6410033702850342,SIXTEEN 
0:00:01.261782,21,0.6206182241439819,1.0091320276260376,-0.7425302267074585,SIXTEEN 
0:00:01.261782,22,0.3164770007133484,0.607231855392456,-1.4929136037826538,SIXTEEN 
0:00:01.261782,23,0.6728967428207397,1.138799786567688,-0.01349659264087677,SIXTEEN 
0:00:01.261782,24,0.45631900429725647,1.155402660369873,0.014803868718445301,SIXTEEN 
0:00:01.261782,25,0.6601175665855408,1.6125469207763672,0.09863480180501938,SIXTEEN 
0:00:01.261782,26,0.4387015700340271,1.6100163459777832,0.13199906051158905,SIXTEEN 
0:00:01.261782,27,0.6576636433601379,2.030471086502075,0.6230659484863281,SIXTEEN 
0:00:01.261782,28,0.44756102561950684,2.0350728034973145,0.5672338008880615,SIXTEEN 
0:00:01.261782,29,0.6616328954696655,2.0862057209014893,0.646161675453186,SIXTEEN 
0:00:01.261782,30,0.44566407799720764,2.090317964553833,0.5941840410232544,SIXTEEN 
0:00:01.261782,31,0.6350434422492981,2.15840482711792,0.18436817824840546,SIXTEEN 
0:00:01.261782,32,0.47679463028907776,2.16552734375,0.09417205303907394,SIXTEEN 
0:00:01.342268,0,0.552780032157898,0.2916226089000702,-1.002053141593933,SIXTEEN 
0:00:01.342268,1,0.5765349268913269,0.24897558987140656,-0.9532349705696106,SIXTEEN 
0:00:01.342268,2,0.5907844305038452,0.24858607351779938,-0.9535344243049622,SIXTEEN 
0:00:01.342268,3,0.6003173589706421,0.24927741289138794,-0.953403115272522,SIXTEEN 
0:00:01.342268,4,0.529983401298523,0.25346341729164124,-0.9554476737976074,SIXTEEN 
0:00:01.342268,5,0.5135093927383423,0.2567040026187897,-0.9556573629379272,SIXTEEN 
0:00:01.342268,6,0.4999534487724304,0.25928711891174316,-0.9560927152633667,SIXTEEN 
0:00:01.342268,7,0.6195929050445557,0.2739284336566925,-0.5740760564804077,SIXTEEN 
0:00:01.342268,8,0.48457011580467224,0.28566038608551025,-0.5786603689193726,SIXTEEN 
0:00:01.342268,9,0.583477795124054,0.34299004077911377,-0.8597637414932251,SIXTEEN 
0:00:01.342268,10,0.5254433155059814,0.34426915645599365,-0.862136721611023,SIXTEEN 
0:00:01.342268,11,0.7246338725090027,0.546035885810852,-0.3122195601463318,SIXTEEN 
0:00:01.342268,12,0.40896421670913696,0.5626086592674255,-0.2966470718383789,SIXTEEN 
0:00:01.342268,13,0.8047553300857544,0.9018605947494507,-0.31574317812919617,SIXTEEN 
0:00:01.342268,14,0.31350967288017273,0.9355396628379822,-0.6173783540725708,SIXTEEN 
0:00:01.342268,15,0.6743898391723633,1.0286208391189575,-0.7273869514465332,SIXTEEN 
0:00:01.342268,16,0.3209494650363922,0.7052273154258728,-1.4783735275268555,SIXTEEN 
0:00:01.342268,17,0.6351767182350159,1.0877394676208496,-0.8262672424316406,SIXTEEN 
0:00:01.342268,18,0.30777496099472046,0.6313179731369019,-1.641230821609497,SIXTEEN 
0:00:01.342268,19,0.6015267372131348,1.030431866645813,-0.8584117889404297,SIXTEEN 
0:00:01.342268,20,0.3065505921840668,0.5849865674972534,-1.648760199546814,SIXTEEN 
0:00:01.342268,21,0.6206575632095337,1.0084667205810547,-0.7445279359817505,SIXTEEN 
0:00:01.342268,22,0.31709474325180054,0.6084262132644653,-1.5006320476531982,SIXTEEN 
0:00:01.342268,23,0.6735618710517883,1.1416785717010498,-0.01347777433693409,SIXTEEN 
0:00:01.342268,24,0.45649322867393494,1.1553815603256226,0.014785829000175,SIXTEEN 
0:00:01.342268,25,0.6604029536247253,1.6126173734664917,0.0977666825056076,SIXTEEN 
0:00:01.342268,26,0.43862399458885193,1.6102067232131958,0.12925343215465546,SIXTEEN 
0:00:01.342268,27,0.6576749086380005,2.030487298965454,0.6197835206985474,SIXTEEN 
0:00:01.342268,28,0.4473457932472229,2.035101890563965,0.5630246996879578,SIXTEEN 
0:00:01.342268,29,0.6616443395614624,2.0862152576446533,0.6425951719284058,SIXTEEN 
0:00:01.342268,30,0.44540390372276306,2.0903208255767822,0.5897325277328491,SIXTEEN 
0:00:01.342268,31,0.635065495967865,2.158454418182373,0.18038895726203918,SIXTEEN 
0:00:01.342268,32,0.47672444581985474,2.1658620834350586,0.08850070834159851,SIXTEEN 
0:00:01.411743,0,0.5537850260734558,0.29178139567375183,-1.0077866315841675,SIXTEEN 
0:00:01.411743,1,0.577214777469635,0.24913935363292694,-0.9592277407646179,SIXTEEN 
0:00:01.411743,2,0.5911720991134644,0.2487466186285019,-0.9595230221748352,SIXTEEN 
0:00:01.411743,3,0.6006412506103516,0.24946728348731995,-0.959395706653595,SIXTEEN 
0:00:01.411743,4,0.5308797359466553,0.2535906434059143,-0.9616403579711914,SIXTEEN 
0:00:01.411743,5,0.5143072009086609,0.25681909918785095,-0.9618591070175171,SIXTEEN 
0:00:01.411743,6,0.5004690885543823,0.25938332080841064,-0.962293267250061,SIXTEEN 
0:00:01.411743,7,0.6199244856834412,0.274120032787323,-0.57977294921875,SIXTEEN 
0:00:01.411743,8,0.48495087027549744,0.2857932448387146,-0.5857176780700684,SIXTEEN 
0:00:01.411743,9,0.58414226770401,0.343037486076355,-0.8653118014335632,SIXTEEN 
0:00:01.411743,10,0.5262404680252075,0.3444347381591797,-0.8680380582809448,SIXTEEN 
0:00:01.411743,11,0.724878191947937,0.5462395548820496,-0.31654295325279236,SIXTEEN 
0:00:01.411743,12,0.409321129322052,0.5627611875534058,-0.30301371216773987,SIXTEEN 
0:00:01.411743,13,0.8047482371330261,0.9021981358528137,-0.3186703622341156,SIXTEEN 
0:00:01.411743,14,0.31356656551361084,0.9356606602668762,-0.6282739639282227,SIXTEEN 
0:00:01.411743,15,0.6745418310165405,1.0286794900894165,-0.7276203632354736,SIXTEEN 
0:00:01.411743,16,0.3213854134082794,0.7058433890342712,-1.4910166263580322,SIXTEEN 
0:00:01.411743,17,0.6355022192001343,1.0881975889205933,-0.8255234956741333,SIXTEEN 
0:00:01.411743,18,0.3086758255958557,0.6321548819541931,-1.6540582180023193,SIXTEEN 
0:00:01.411743,19,0.6015973687171936,1.0303936004638672,-0.858036994934082,SIXTEEN 
0:00:01.411743,20,0.30726513266563416,0.5858356952667236,-1.6607110500335693,SIXTEEN 
0:00:01.411743,21,0.6207060217857361,1.0083072185516357,-0.7448569536209106,SIXTEEN 
0:00:01.411743,22,0.3180142939090729,0.6087878346443176,-1.5131340026855469,SIXTEEN 
0:00:01.411743,23,0.673635721206665,1.1437718868255615,-0.013459162786602974,SIXTEEN 
0:00:01.411743,24,0.4564897119998932,1.155334711074829,0.014768709428608418,SIXTEEN 
0:00:01.411743,25,0.6600945591926575,1.6127036809921265,0.09626813232898712,SIXTEEN 
0:00:01.411743,26,0.43745851516723633,1.610288143157959,0.12879735231399536,SIXTEEN 
0:00:01.411743,27,0.6564606428146362,2.0305144786834717,0.6158435940742493,SIXTEEN 
0:00:01.411743,28,0.44505995512008667,2.0351006984710693,0.5650842189788818,SIXTEEN 
0:00:01.411743,29,0.6603186726570129,2.0862386226654053,0.6383519172668457,SIXTEEN 
0:00:01.411743,30,0.44297805428504944,2.090254068374634,0.5921017527580261,SIXTEEN 
0:00:01.411743,31,0.6337411999702454,2.1584928035736084,0.1754860132932663,SIXTEEN 
0:00:01.411743,32,0.47455066442489624,2.1659531593322754,0.09016721695661545,SIXTEEN 
0:00:01.485554,0,0.5545317530632019,0.29182755947113037,-1.0055296421051025,SIXTEEN 
0:00:01.485554,1,0.5778326988220215,0.24920228123664856,-0.9567496180534363,SIXTEEN 
0:00:01.485554,2,0.591536819934845,0.2488308697938919,-0.9570461511611938,SIXTEEN 
0:00:01.485554,3,0.6009356379508972,0.2495867908000946,-0.9569208025932312,SIXTEEN 
0:00:01.485554,4,0.5316566228866577,0.25359293818473816,-0.9590927362442017,SIXTEEN 
0:00:01.485554,5,0.5150802731513977,0.25681498646736145,-0.9593108892440796,SIXTEEN 
0:00:01.485554,6,0.5009530782699585,0.2593722641468048,-0.9597455859184265,SIXTEEN 
0:00:01.485554,7,0.6202715635299683,0.27427586913108826,-0.5772234201431274,SIXTEEN 
0:00:01.485554,8,0.48540276288986206,0.2858077585697174,-0.5826719999313354,SIXTEEN 
0:00:01.485554,9,0.5845326781272888,0.34304988384246826,-0.8631094098091125,SIXTEEN 
0:00:01.485554,10,0.5267268419265747,0.34444913268089294,-0.8657015562057495,SIXTEEN 
0:00:01.485554,11,0.7250571846961975,0.546488344669342,-0.3145986795425415,SIXTEEN 
0:00:01.485554,12,0.4095953404903412,0.5627752542495728,-0.30080440640449524,SIXTEEN 
0:00:01.485554,13,0.8046830296516418,0.9023574590682983,-0.3159705400466919,SIXTEEN 
0:00:01.485554,14,0.31358250975608826,0.9356842041015625,-0.6245113611221313,SIXTEEN 
0:00:01.485554,15,0.6759015321731567,1.0286505222320557,-0.7245801687240601,SIXTEEN 
0:00:01.485554,16,0.32171255350112915,0.7060853242874146,-1.4852848052978516,SIXTEEN 
0:00:01.485554,17,0.6381189823150635,1.0881043672561646,-0.8227450251579285,SIXTEEN 
0:00:01.485554,18,0.30928319692611694,0.6328080892562866,-1.6481029987335205,SIXTEEN 
0:00:01.485554,19,0.6021560430526733,1.0303606986999512,-0.8563507199287415,SIXTEEN 
0:00:01.485554,20,0.3077634572982788,0.5864876508712769,-1.65521240234375,SIXTEEN 
0:00:01.485554,21,0.6214542388916016,1.0080372095108032,-0.7424060702323914,SIXTEEN 
0:00:01.485554,22,0.3186829388141632,0.6092172861099243,-1.5074518918991089,SIXTEEN 
0:00:01.485554,23,0.6735363602638245,1.1445262432098389,-0.013534714467823505,SIXTEEN 
0:00:01.485554,24,0.45624351501464844,1.1547983884811401,0.0148527342826128,SIXTEEN 
0:00:01.485554,25,0.6591075658798218,1.6127089262008667,0.0951911136507988,SIXTEEN 
0:00:01.485554,26,0.43606987595558167,1.6102802753448486,0.12740251421928406,SIXTEEN 
0:00:01.485554,27,0.6541948318481445,2.030538320541382,0.613437294960022,SIXTEEN 
0:00:01.485554,28,0.4424564242362976,2.0350306034088135,0.562292218208313,SIXTEEN 
0:00:01.485554,29,0.6578476428985596,2.086282253265381,0.6357677578926086,SIXTEEN 
0:00:01.485554,30,0.4401739239692688,2.0901148319244385,0.5890110731124878,SIXTEEN 
0:00:01.485554,31,0.6313971281051636,2.1584975719451904,0.17243677377700806,SIXTEEN 
0:00:01.485554,32,0.47181621193885803,2.16599178314209,0.08806895464658737,SIXTEEN 
